x,y,yaw
298598.099,4137885.451,-1.928320
298598.026,4137885.265,-1.959458
298597.948,4137885.081,-1.989018
298597.864,4137884.899,-2.016856
298597.775,4137884.720,-2.042861
298597.682,4137884.543,-2.066946
298597.585,4137884.368,-2.089049
298597.484,4137884.196,-2.109130
298597.380,4137884.025,-2.127166
298597.273,4137883.856,-2.143147
298597.163,4137883.688,-2.157073
298597.052,4137883.523,-2.168953
298596.938,4137883.358,-2.178797
298596.823,4137883.194,-2.186619
298596.707,4137883.031,-2.192430
298596.591,4137882.869,-2.196242
298596.473,4137882.707,-2.198062
298596.356,4137882.545,-2.197894
298596.239,4137882.383,-2.195739
298596.122,4137882.221,-2.191594
298596.006,4137882.058,-2.185450
298595.891,4137881.894,-2.177298
298595.778,4137881.729,-2.170639
298595.665,4137881.564,-2.169991
298595.552,4137881.399,-2.175385
298595.438,4137881.235,-2.184733
298595.322,4137881.072,-2.193530
298595.204,4137880.910,-2.201625
298595.086,4137880.749,-2.209014
298594.966,4137880.589,-2.215699
298594.845,4137880.429,-2.221680
298594.724,4137880.270,-2.226957
298594.602,4137880.112,-2.231532
298594.478,4137879.955,-2.235405
298594.355,4137879.797,-2.238577
298594.231,4137879.641,-2.241050
298594.106,4137879.484,-2.242824
298593.982,4137879.327,-2.243899
298593.857,4137879.171,-2.244275
298593.732,4137879.015,-2.243953
298593.608,4137878.858,-2.243016
298593.483,4137878.702,-2.242073
298593.359,4137878.545,-2.241248
298593.235,4137878.388,-2.240540
298593.111,4137878.232,-2.239951
298592.987,4137878.075,-2.239480
298592.863,4137877.918,-2.239127
298592.739,4137877.761,-2.238892
298592.615,4137877.604,-2.238775
298592.491,4137877.447,-2.238777
298592.367,4137877.290,-2.238897
298592.243,4137877.133,-2.239135
298592.119,4137876.976,-2.239491
298591.995,4137876.819,-2.239966
298591.871,4137876.662,-2.240559
298591.747,4137876.505,-2.241047
298591.623,4137876.349,-2.240285
298591.499,4137876.192,-2.238942
298591.375,4137876.035,-2.237748
298591.251,4137875.877,-2.236701
298591.128,4137875.720,-2.235803
298591.004,4137875.563,-2.235053
298590.881,4137875.405,-2.234451
298590.758,4137875.248,-2.233997
298590.635,4137875.090,-2.233691
298590.512,4137874.932,-2.233533
298590.389,4137874.775,-2.233523
298590.266,4137874.617,-2.233661
298590.143,4137874.459,-2.233947
298590.020,4137874.302,-2.234381
298589.896,4137874.144,-2.234964
298589.773,4137873.987,-2.235694
298589.650,4137873.830,-2.236580
298589.526,4137873.672,-2.237623
298589.402,4137873.515,-2.238657
298589.278,4137873.358,-2.239583
298589.154,4137873.201,-2.240399
298589.030,4137873.045,-2.241106
298588.906,4137872.888,-2.241704
298588.781,4137872.731,-2.242194
298588.657,4137872.575,-2.242574
298588.532,4137872.418,-2.242845
298588.408,4137872.262,-2.243007
298588.283,4137872.105,-2.243061
298588.159,4137871.949,-2.243005
298588.034,4137871.792,-2.242840
298587.910,4137871.636,-2.242566
298587.785,4137871.479,-2.242184
298587.661,4137871.323,-2.241694
298587.537,4137871.166,-2.241158
298587.412,4137871.009,-2.240605
298587.288,4137870.852,-2.240078
298587.164,4137870.696,-2.239590
298587.040,4137870.539,-2.239139
298586.916,4137870.382,-2.238727
298586.793,4137870.225,-2.238352
298586.669,4137870.068,-2.238016
298586.545,4137869.910,-2.237717
298586.421,4137869.753,-2.237456
298586.298,4137869.596,-2.237234
298586.174,4137869.439,-2.237049
298586.051,4137869.282,-2.236902
298585.927,4137869.124,-2.236794
298585.803,4137868.967,-2.236723
298585.680,4137868.810,-2.236690
298585.556,4137868.653,-2.236710
298585.433,4137868.495,-2.236879
298585.309,4137868.338,-2.237148
298585.186,4137868.181,-2.237401
298585.062,4137868.024,-2.237639
298584.938,4137867.867,-2.237860
298584.814,4137867.710,-2.238064
298584.691,4137867.552,-2.238252
298584.567,4137867.395,-2.238424
298584.443,4137867.238,-2.238579
298584.319,4137867.081,-2.238718
298584.195,4137866.924,-2.238840
298584.071,4137866.767,-2.238946
298583.947,4137866.610,-2.239035
298583.824,4137866.453,-2.239108
298583.700,4137866.296,-2.239165
298583.576,4137866.139,-2.239205
298583.452,4137865.982,-2.238957
298583.328,4137865.825,-2.238087
298583.204,4137865.668,-2.236880
298583.081,4137865.511,-2.235806
298582.957,4137865.354,-2.234874
298582.834,4137865.196,-2.234084
298582.711,4137865.038,-2.233434
298582.588,4137864.881,-2.232926
298582.465,4137864.723,-2.232559
298582.342,4137864.565,-2.232334
298582.219,4137864.407,-2.232249
298582.097,4137864.249,-2.232306
298581.974,4137864.092,-2.232505
298581.851,4137863.934,-2.232844
298581.728,4137863.776,-2.233325
298581.605,4137863.619,-2.233947
298581.482,4137863.461,-2.234710
298581.358,4137863.304,-2.235540
298581.235,4137863.146,-2.236274
298581.111,4137862.989,-2.236907
298580.988,4137862.832,-2.237437
298580.864,4137862.675,-2.237867
298580.740,4137862.517,-2.238195
298580.616,4137862.360,-2.238421
298580.493,4137862.203,-2.238546
298580.369,4137862.046,-2.238569
298580.245,4137861.889,-2.238491
298580.121,4137861.732,-2.238311
298579.997,4137861.575,-2.238030
298579.874,4137861.418,-2.237647
298579.750,4137861.261,-2.237162
298579.626,4137861.104,-2.236576
298579.503,4137860.946,-2.236617
298579.379,4137860.789,-2.237456
298579.256,4137860.632,-2.238188
298579.132,4137860.475,-2.238812
298579.008,4137860.318,-2.239329
298578.884,4137860.161,-2.239738
298578.760,4137860.004,-2.240039
298578.636,4137859.847,-2.240232
298578.512,4137859.691,-2.240317
298578.387,4137859.534,-2.240295
298578.263,4137859.377,-2.240165
298578.139,4137859.220,-2.239927
298578.015,4137859.063,-2.239581
298577.891,4137858.906,-2.239128
298577.767,4137858.749,-2.238567
298577.644,4137858.592,-2.237898
298577.520,4137858.435,-2.237148
298577.396,4137858.278,-2.236508
298577.273,4137858.120,-2.236018
298577.149,4137857.963,-2.235678
298577.026,4137857.806,-2.235489
298576.903,4137857.648,-2.235450
298576.779,4137857.491,-2.235561
298576.656,4137857.333,-2.235823
298576.533,4137857.176,-2.236235
298576.409,4137857.019,-2.236797
298576.285,4137856.862,-2.237510
298576.162,4137856.704,-2.238373
298576.038,4137856.547,-2.239386
298575.914,4137856.391,-2.240550
298575.789,4137856.234,-2.241865
298575.665,4137856.077,-2.243257
298575.540,4137855.921,-2.244270
298575.416,4137855.765,-2.244824
298575.291,4137855.608,-2.244919
298575.166,4137855.452,-2.244556
298575.041,4137855.296,-2.243733
298574.917,4137855.139,-2.242451
298574.792,4137854.983,-2.240711
298574.668,4137854.826,-2.238513
298574.545,4137854.669,-2.235858
298574.421,4137854.511,-2.232746
298574.299,4137854.353,-2.229177
298574.177,4137854.195,-2.225154
298574.055,4137854.036,-2.220678
298573.935,4137853.876,-2.215805
298573.815,4137853.716,-2.212132
298573.695,4137853.556,-2.210380
298573.576,4137853.395,-2.210547
298573.456,4137853.235,-2.212633
298573.336,4137853.075,-2.216641
298573.216,4137852.916,-2.222576
298573.094,4137852.757,-2.230444
298572.970,4137852.600,-2.240253
298572.845,4137852.444,-2.252010
298572.718,4137852.289,-2.265719
298572.589,4137852.136,-2.281377
298572.457,4137851.986,-2.298977
298572.323,4137851.838,-2.318501
298572.185,4137851.693,-2.339693
298572.045,4137851.551,-2.362093
298571.901,4137851.412,-2.385717
298571.754,4137851.276,-2.410595
298571.603,4137851.145,-2.436751
298571.449,4137851.017,-2.463638
298571.292,4137850.894,-2.490314
298571.131,4137850.775,-2.516787
298570.967,4137850.660,-2.543083
298570.801,4137850.549,-2.569208
298570.631,4137850.443,-2.594711
298570.459,4137850.341,-2.619386
298570.284,4137850.244,-2.643228
298570.108,4137850.150,-2.667017
298569.929,4137850.061,-2.692053
298569.747,4137849.976,-2.718398
298569.564,4137849.897,-2.746085
298569.378,4137849.822,-2.775143
298569.191,4137849.754,-2.803497
298569.001,4137849.690,-2.828343
298568.810,4137849.630,-2.849675
298568.618,4137849.574,-2.868169
298568.425,4137849.522,-2.885970
298568.231,4137849.473,-2.903247
298568.036,4137849.428,-2.920006
298567.841,4137849.385,-2.936253
298567.645,4137849.346,-2.952119
298567.448,4137849.310,-2.968355
298567.251,4137849.277,-2.985085
298567.053,4137849.248,-3.002305
298566.855,4137849.222,-3.020302
298566.656,4137849.199,-3.039631
298566.457,4137849.181,-3.060327
298566.257,4137849.167,-3.082410
298566.058,4137849.157,-3.105896
298565.858,4137849.153,-3.129930
298565.658,4137849.153,3.132090
298565.458,4137849.156,3.114141
298565.258,4137849.163,3.099278
298565.058,4137849.173,3.085458
298564.859,4137849.186,3.071942
298564.659,4137849.201,3.058729
298564.460,4137849.219,3.045818
298564.261,4137849.239,3.033134
298564.062,4137849.262,3.018212
298563.864,4137849.289,2.999840
298563.666,4137849.319,2.978028
298563.470,4137849.354,2.953353
298563.274,4137849.394,2.927246
298563.079,4137849.439,2.899727
298562.885,4137849.490,2.870744
298562.693,4137849.546,2.840252
298562.503,4137849.608,2.810677
298562.315,4137849.676,2.787044
298562.128,4137849.747,2.769510
298561.942,4137849.821,2.755743
298561.758,4137849.898,2.738324
298561.575,4137849.978,2.716660
298561.393,4137850.063,2.690713
298561.215,4137850.153,2.662168
298561.038,4137850.247,2.642170
298560.863,4137850.344,2.632739
298560.689,4137850.441,2.633841
298560.513,4137850.537,2.645224
298560.337,4137850.632,2.654260
298560.160,4137850.725,2.653718
298559.984,4137850.820,2.643575
298559.809,4137850.917,2.623772
298559.637,4137851.018,2.595258
298559.467,4137851.125,2.567674
298559.301,4137851.235,2.543477
298559.137,4137851.350,2.522676
298558.975,4137851.467,2.505259
298558.815,4137851.587,2.491197
298558.657,4137851.709,2.480460
298558.499,4137851.833,2.473022
298558.343,4137851.957,2.468863
298558.186,4137852.082,2.467935
298558.030,4137852.206,2.468135
298557.874,4137852.331,2.468311
298557.717,4137852.456,2.468463
298557.561,4137852.580,2.468591
298557.404,4137852.705,2.468695
298557.248,4137852.830,2.468776
298557.092,4137852.954,2.468832
298556.935,4137853.079,2.468864
298556.779,4137853.204,2.468872
298556.622,4137853.328,2.468856
298556.466,4137853.453,2.468816
298556.310,4137853.577,2.468713
298556.153,4137853.702,2.468515
298555.997,4137853.827,2.468221
298555.840,4137853.952,2.467838
298555.684,4137854.076,2.467525
298555.528,4137854.201,2.467354
298555.372,4137854.326,2.467325
298555.216,4137854.451,2.467438
298555.059,4137854.576,2.467693
298554.903,4137854.701,2.468091
298554.747,4137854.825,2.468630
298554.590,4137854.950,2.469311
298554.434,4137855.074,2.470135
298554.277,4137855.199,2.471100
298554.120,4137855.323,2.472186
298553.963,4137855.447,2.473215
298553.806,4137855.571,2.474146
298553.649,4137855.694,2.474981
298553.492,4137855.818,2.475719
298553.335,4137855.942,2.476360
298553.177,4137856.065,2.476905
298553.020,4137856.188,2.477352
298552.862,4137856.312,2.477703
298552.705,4137856.435,2.477957
298552.547,4137856.558,2.478114
298552.390,4137856.681,2.478174
298552.232,4137856.804,2.478137
298552.075,4137856.927,2.478004
298551.917,4137857.051,2.477774
298551.760,4137857.174,2.477463
298551.602,4137857.297,2.477179
298551.445,4137857.420,2.476938
298551.287,4137857.544,2.476743
298551.130,4137857.667,2.476592
298550.972,4137857.791,2.476485
298550.815,4137857.914,2.476423
298550.658,4137858.037,2.476400
298550.500,4137858.161,2.476388
298550.343,4137858.284,2.476382
298550.186,4137858.408,2.476383
298550.028,4137858.531,2.476390
298549.871,4137858.655,2.476404
298549.714,4137858.778,2.476424
298549.556,4137858.902,2.476450
298549.399,4137859.025,2.476481
298549.242,4137859.148,2.476506
298549.084,4137859.272,2.476525
298548.927,4137859.395,2.476538
298548.769,4137859.519,2.476545
298548.612,4137859.642,2.476545
298548.455,4137859.765,2.476539
298548.297,4137859.889,2.476526
298548.140,4137860.012,2.476507
298547.983,4137860.136,2.476482
298547.825,4137860.259,2.476451
298547.668,4137860.383,2.476413
298547.511,4137860.506,2.476369
298547.353,4137860.629,2.476319
298547.196,4137860.753,2.476262
298547.039,4137860.876,2.476204
298546.881,4137861.000,2.476162
298546.724,4137861.123,2.476137
298546.567,4137861.247,2.476128
298546.409,4137861.370,2.476137
298546.252,4137861.494,2.476163
298546.095,4137861.617,2.476206
298545.937,4137861.741,2.476266
298545.780,4137861.864,2.476342
298545.623,4137861.988,2.476436
298545.465,4137862.111,2.476547
298545.308,4137862.234,2.476675
298545.150,4137862.358,2.476820
298544.993,4137862.481,2.476958
298544.836,4137862.605,2.476921
298544.678,4137862.728,2.476743
298544.521,4137862.851,2.476578
298544.363,4137862.975,2.476433
298544.206,4137863.098,2.476308
298544.049,4137863.222,2.476203
298543.891,4137863.345,2.476118
298543.734,4137863.469,2.476054
298543.577,4137863.592,2.476009
298543.420,4137863.716,2.475984
298543.262,4137863.839,2.475979
298543.105,4137863.963,2.475995
298542.948,4137864.086,2.476030
298542.790,4137864.210,2.476085
298542.633,4137864.333,2.476161
298542.476,4137864.456,2.476256
298542.318,4137864.580,2.476361
298542.161,4137864.703,2.476454
298542.004,4137864.827,2.476537
298541.846,4137864.950,2.476607
298541.689,4137865.074,2.476667
298541.531,4137865.197,2.476714
298541.374,4137865.320,2.476751
298541.217,4137865.444,2.476775
298541.059,4137865.567,2.476788
298540.902,4137865.691,2.476790
298540.744,4137865.814,2.476780
298540.587,4137865.937,2.476759
298540.430,4137866.061,2.476726
298540.272,4137866.184,2.476681
298540.115,4137866.307,2.476625
298539.958,4137866.431,2.476566
298539.800,4137866.554,2.476513
298539.643,4137866.678,2.476468
298539.485,4137866.801,2.476429
298539.328,4137866.925,2.476397
298539.171,4137867.048,2.476373
298539.013,4137867.171,2.476355
298538.856,4137867.295,2.476344
298538.699,4137867.418,2.476340
298538.541,4137867.542,2.476343
298538.384,4137867.665,2.476353
298538.227,4137867.789,2.476370
298538.069,4137867.912,2.476393
298537.912,4137868.036,2.476424
298537.755,4137868.159,2.476462
298537.597,4137868.282,2.476500
298537.440,4137868.406,2.476530
298537.283,4137868.529,2.476552
298537.125,4137868.653,2.476567
298536.968,4137868.776,2.476574
298536.810,4137868.899,2.476573
298536.653,4137869.023,2.476565
298536.496,4137869.146,2.476549
298536.338,4137869.270,2.476517
298536.181,4137869.393,2.476451
298536.024,4137869.517,2.476350
298535.866,4137869.640,2.476215
298535.709,4137869.763,2.476044
298535.552,4137869.887,2.475839
298535.394,4137870.011,2.475598
298535.237,4137870.134,2.475368
298535.080,4137870.258,2.475178
298534.923,4137870.381,2.475028
298534.766,4137870.505,2.474920
298534.608,4137870.629,2.474851
298534.451,4137870.752,2.474824
298534.294,4137870.876,2.474837
298534.137,4137871.000,2.474890
298533.980,4137871.123,2.474985
298533.823,4137871.247,2.475119
298533.665,4137871.371,2.475295
298533.508,4137871.494,2.475511
298533.351,4137871.618,2.475767
298533.194,4137871.741,2.476065
298533.036,4137871.865,2.476396
298532.879,4137871.988,2.476507
298532.721,4137872.112,2.476267
298532.564,4137872.235,2.475916
298532.407,4137872.359,2.475598
298532.250,4137872.482,2.475311
298532.092,4137872.606,2.475057
298531.935,4137872.730,2.474835
298531.778,4137872.853,2.474645
298531.621,4137872.977,2.474487
298531.464,4137873.101,2.474361
298531.307,4137873.225,2.474267
298531.150,4137873.348,2.474205
298530.993,4137873.472,2.474176
298530.836,4137873.596,2.474178
298530.678,4137873.720,2.474213
298530.521,4137873.843,2.474279
298530.364,4137873.967,2.474378
298530.207,4137874.091,2.474487
298530.050,4137874.215,2.474598
298529.893,4137874.338,2.474711
298529.736,4137874.462,2.474824
298529.579,4137874.586,2.474940
298529.421,4137874.709,2.475057
298529.264,4137874.833,2.475175
298529.107,4137874.957,2.475295
298528.950,4137875.080,2.475416
298528.793,4137875.204,2.475539
298528.635,4137875.327,2.475663
298528.478,4137875.451,2.475789
298528.321,4137875.574,2.475916
298528.163,4137875.698,2.476044
298528.006,4137875.821,2.476165
298527.849,4137875.945,2.476243
298527.691,4137876.068,2.476274
298527.534,4137876.192,2.476257
298527.377,4137876.315,2.476193
298527.219,4137876.439,2.476082
298527.062,4137876.562,2.475924
298526.905,4137876.686,2.475718
298526.748,4137876.809,2.475465
298526.590,4137876.933,2.475165
298526.433,4137877.057,2.474818
298526.276,4137877.180,2.474423
298526.119,4137877.304,2.473982
298525.962,4137877.428,2.473493
298525.805,4137877.552,2.472957
298525.648,4137877.676,2.472624
298525.491,4137877.800,2.473400
298525.334,4137877.924,2.475366
298525.177,4137878.047,2.477783
298525.019,4137878.170,2.477796
298524.862,4137878.293,2.477823
298524.704,4137878.417,2.477868
298524.547,4137878.540,2.477930
298524.389,4137878.663,2.478009
298524.232,4137878.786,2.478105
298524.074,4137878.909,2.478218
298523.916,4137879.033,2.478347
298523.759,4137879.156,2.478494
298523.601,4137879.279,2.478658
298523.444,4137879.402,2.478839
298523.286,4137879.525,2.479037
298523.128,4137879.648,2.479251
298522.970,4137879.771,2.479483
298522.813,4137879.894,2.479557
298522.655,4137880.017,2.478509
298522.497,4137880.140,2.477236
298522.340,4137880.263,2.476079
298522.183,4137880.387,2.475037
298522.026,4137880.511,2.474110
298521.869,4137880.635,2.473298
298521.712,4137880.759,2.472601
298521.555,4137880.883,2.472019
298521.398,4137881.007,2.471553
298521.241,4137881.131,2.471202
298521.085,4137881.255,2.470966
298520.928,4137881.380,2.470845
298520.771,4137881.504,2.470839
298520.615,4137881.628,2.470948
298520.458,4137881.752,2.471173
298520.301,4137881.877,2.471504
298520.145,4137882.001,2.471848
298519.988,4137882.125,2.472180
298519.831,4137882.249,2.472500
298519.674,4137882.373,2.472808
298519.517,4137882.497,2.473104
298519.360,4137882.621,2.473388
298519.203,4137882.745,2.473659
298519.046,4137882.869,2.473918
298518.889,4137882.993,2.474165
298518.732,4137883.116,2.474400
298518.575,4137883.240,2.474623
298518.418,4137883.364,2.474834
298518.260,4137883.487,2.475017
298518.103,4137883.611,2.475159
298517.946,4137883.735,2.475260
298517.789,4137883.858,2.475320
298517.632,4137883.982,2.475340
298517.474,4137884.106,2.475318
298517.317,4137884.229,2.475256
298517.160,4137884.353,2.475153
298517.003,4137884.476,2.475009
298516.846,4137884.600,2.474825
298516.689,4137884.724,2.474599
298516.531,4137884.848,2.474333
298516.374,4137884.971,2.474026
298516.217,4137885.095,2.473678
298516.060,4137885.219,2.473290
298515.903,4137885.343,2.473023
298515.746,4137885.467,2.472994
298515.589,4137885.591,2.473203
298515.432,4137885.715,2.473651
298515.275,4137885.839,2.474337
298515.118,4137885.962,2.475262
298514.961,4137886.086,2.476425
298514.804,4137886.209,2.477827
298514.646,4137886.332,2.479398
298514.488,4137886.455,2.480109
298514.330,4137886.578,2.479619
298514.173,4137886.701,2.477927
298514.015,4137886.824,2.475036
298513.858,4137886.948,2.470948
298513.702,4137887.073,2.467295
298513.546,4137887.198,2.465494
298513.390,4137887.323,2.465543
298513.234,4137887.448,2.467443
298513.077,4137887.573,2.471194
298512.920,4137887.697,2.476801
298512.762,4137887.819,2.484266
298512.604,4137887.941,2.493595
298512.443,4137888.061,2.504789
298512.282,4137888.179,2.517789
298512.119,4137888.294,2.530308
298511.954,4137888.408,2.541181
298511.789,4137888.521,2.550404
298511.622,4137888.631,2.557982
298511.455,4137888.741,2.563915
298511.287,4137888.850,2.568208
298511.119,4137888.958,2.570865
298510.951,4137889.066,2.571888
298510.782,4137889.174,2.571475
298510.614,4137889.282,2.572321
298510.446,4137889.389,2.575282
298510.276,4137889.496,2.580362
298510.107,4137889.602,2.587566
298509.936,4137889.707,2.596900
298509.765,4137889.809,2.608369
298509.592,4137889.910,2.621975
298509.417,4137890.008,2.637715
298509.241,4137890.103,2.655527
298509.064,4137890.195,2.673565
298508.884,4137890.283,2.690911
298508.704,4137890.369,2.707575
298508.522,4137890.452,2.723566
298508.338,4137890.531,2.738895
298508.154,4137890.608,2.753573
298507.968,4137890.683,2.767612
298507.781,4137890.754,2.781025
298507.594,4137890.824,2.793823
298507.405,4137890.891,2.805781
298507.216,4137890.956,2.816613
298507.026,4137891.019,2.826307
298506.836,4137891.080,2.834857
298506.645,4137891.139,2.842259
298506.454,4137891.198,2.848512
298506.262,4137891.255,2.853614
298506.070,4137891.311,2.857567
298505.878,4137891.367,2.860375
298505.686,4137891.423,2.862411
298505.494,4137891.477,2.866285
298505.301,4137891.531,2.872503
298505.108,4137891.584,2.881072
298504.915,4137891.634,2.892010
298504.720,4137891.682,2.905333
298504.526,4137891.727,2.921061
298504.330,4137891.769,2.939210
298504.134,4137891.808,2.959786
298503.937,4137891.842,2.982239
298503.739,4137891.871,3.002947
298503.541,4137891.897,3.021234
298503.342,4137891.919,3.037093
298503.143,4137891.939,3.050529
298502.944,4137891.956,3.061553
298502.744,4137891.971,3.070183
298502.545,4137891.985,3.076433
298502.345,4137891.997,3.080319
298502.145,4137892.009,3.081850
298501.946,4137892.021,3.083238
298501.746,4137892.033,3.087186
298501.546,4137892.043,3.093710
298501.347,4137892.052,3.102827
298501.147,4137892.058,3.114558
298500.947,4137892.062,3.128928
298500.747,4137892.063,-3.137225
298500.547,4137892.060,-3.117516
298500.347,4137892.053,-3.095124
298500.147,4137892.041,-3.070158
298499.948,4137892.025,-3.046297
298499.749,4137892.004,-3.025435
298499.551,4137891.979,-3.007576
298499.353,4137891.950,-2.992704
298499.155,4137891.919,-2.980799
298498.958,4137891.887,-2.971834
298498.761,4137891.852,-2.965787
298498.564,4137891.817,-2.962640
298498.367,4137891.781,-2.962384
298498.170,4137891.746,-2.964563
298497.974,4137891.710,-2.964508
298497.777,4137891.675,-2.960983
298497.580,4137891.638,-2.953970
298497.384,4137891.600,-2.943449
298497.188,4137891.559,-2.929401
298496.993,4137891.516,-2.911812
298496.799,4137891.468,-2.890685
298496.605,4137891.416,-2.868438
298496.413,4137891.360,-2.848868
298496.222,4137891.301,-2.832025
298496.032,4137891.239,-2.817900
298495.843,4137891.174,-2.806477
298495.655,4137891.107,-2.797737
298495.467,4137891.039,-2.791662
298495.279,4137890.970,-2.788241
298495.091,4137890.901,-2.786394
298494.904,4137890.831,-2.782922
298494.717,4137890.760,-2.777605
298494.530,4137890.689,-2.770436
298494.344,4137890.615,-2.761407
298494.159,4137890.540,-2.750508
298493.974,4137890.463,-2.737731
298493.791,4137890.383,-2.723071
298493.609,4137890.300,-2.706529
298493.428,4137890.214,-2.688157
298493.249,4137890.125,-2.670227
298493.072,4137890.033,-2.654008
298492.896,4137889.938,-2.639499
298492.721,4137889.840,-2.626698
298492.548,4137889.741,-2.615594
298492.375,4137889.639,-2.606179
298492.204,4137889.537,-2.598443
298492.033,4137889.433,-2.592377
298491.863,4137889.328,-2.587923
298491.693,4137889.222,-2.582548
298491.524,4137889.116,-2.574844
298491.355,4137889.008,-2.564799
298491.188,4137888.898,-2.552402
298491.023,4137888.785,-2.537642
298490.859,4137888.670,-2.520511
298490.698,4137888.552,-2.501011
298490.539,4137888.431,-2.479667
298490.382,4137888.307,-2.459477
298490.228,4137888.179,-2.440926
298490.076,4137888.049,-2.424008
298489.927,4137887.916,-2.408715
298489.779,4137887.781,-2.395031
298489.633,4137887.645,-2.382943
298489.489,4137887.506,-2.372436
298489.346,4137887.366,-2.363499
298489.204,4137887.226,-2.355850
298489.063,4137887.084,-2.349104
298488.923,4137886.941,-2.343265
298488.784,4137886.797,-2.338335
298488.645,4137886.653,-2.334316
298488.507,4137886.508,-2.331211
298488.369,4137886.363,-2.329019
298488.232,4137886.218,-2.327741
298488.095,4137886.072,-2.327379
298487.957,4137885.927,-2.327932
298487.820,4137885.782,-2.329400
298487.682,4137885.637,-2.331782
298487.544,4137885.492,-2.334706
298487.405,4137885.348,-2.337297
298487.267,4137885.204,-2.339516
298487.127,4137885.060,-2.340974
298486.988,4137884.917,-2.341123
298486.849,4137884.773,-2.339957
298486.710,4137884.629,-2.337478
298486.572,4137884.485,-2.333683
298486.434,4137884.340,-2.328573
298486.297,4137884.195,-2.322146
298486.161,4137884.048,-2.315402
298486.026,4137883.900,-2.309277
298485.891,4137883.752,-2.303771
298485.758,4137883.603,-2.298885
298485.625,4137883.454,-2.294618
298485.493,4137883.304,-2.290971
298485.361,4137883.153,-2.287942
298485.230,4137883.002,-2.285532
298485.099,4137882.851,-2.283741
298484.968,4137882.700,-2.282567
298484.838,4137882.548,-2.282011
298484.707,4137882.397,-2.282073
298484.577,4137882.245,-2.282752
298484.446,4137882.094,-2.284049
298484.315,4137881.943,-2.285962
298484.184,4137881.792,-2.288002
298484.052,4137881.641,-2.289793
298483.920,4137881.491,-2.291334
298483.788,4137881.341,-2.292627
298483.656,4137881.191,-2.293670
298483.524,4137881.041,-2.294463
298483.391,4137880.891,-2.295007
298483.259,4137880.741,-2.295302
298483.126,4137880.591,-2.295347
298482.994,4137880.442,-2.295142
298482.861,4137880.292,-2.294688
298482.729,4137880.142,-2.293984
298482.596,4137879.992,-2.293031
298482.464,4137879.842,-2.291828
298482.332,4137879.691,-2.290420
298482.201,4137879.541,-2.289094
298482.069,4137879.390,-2.287899
298481.938,4137879.239,-2.286837
298481.807,4137879.089,-2.285906
298481.675,4137878.937,-2.285108
298481.545,4137878.786,-2.284442
298481.414,4137878.635,-2.283908
298481.283,4137878.484,-2.283506
298481.152,4137878.332,-2.283236
298481.021,4137878.181,-2.283099
298480.891,4137878.030,-2.283093
298480.760,4137877.878,-2.283220
298480.629,4137877.727,-2.283478
298480.498,4137877.576,-2.283869
298480.368,4137877.425,-2.284320
298480.237,4137877.273,-2.284390
298480.106,4137877.122,-2.284002
298479.975,4137876.971,-2.283157
298479.844,4137876.819,-2.282000
298479.714,4137876.668,-2.280930
298479.584,4137876.516,-2.279969
298479.453,4137876.364,-2.279117
298479.323,4137876.212,-2.278374
298479.193,4137876.060,-2.277740
298479.064,4137875.908,-2.277216
298478.934,4137875.756,-2.276801
298478.804,4137875.604,-2.276495
298478.674,4137875.452,-2.276298
298478.545,4137875.299,-2.276211
298478.415,4137875.147,-2.276232
298478.285,4137874.995,-2.276363
298478.156,4137874.843,-2.276603
298478.026,4137874.690,-2.276953
298477.896,4137874.538,-2.277298
298477.766,4137874.386,-2.277324
298477.636,4137874.234,-2.277010
298477.507,4137874.082,-2.276356
298477.377,4137873.930,-2.275389
298477.248,4137873.777,-2.274456
298477.118,4137873.625,-2.273665
298476.989,4137873.472,-2.273016
298476.860,4137873.319,-2.272509
298476.731,4137873.166,-2.272143
298476.602,4137873.014,-2.271920
298476.473,4137872.861,-2.271839
298476.344,4137872.708,-2.271899
298476.215,4137872.555,-2.272101
298476.086,4137872.402,-2.272446
298475.957,4137872.250,-2.272932
298475.827,4137872.097,-2.273560
298475.698,4137871.945,-2.274330
298475.569,4137871.792,-2.275242
298475.439,4137871.640,-2.276217
298475.309,4137871.487,-2.276169
298475.180,4137871.335,-2.274754
298475.051,4137871.183,-2.271970
298474.922,4137871.029,-2.267819
298474.794,4137870.876,-2.262700
298474.667,4137870.721,-2.257960
298474.540,4137870.567,-2.253708
298474.414,4137870.411,-2.249945
298474.289,4137870.255,-2.246669
298474.164,4137870.099,-2.243881
298474.039,4137869.943,-2.241582
298473.915,4137869.786,-2.239770
298473.791,4137869.629,-2.238446
298473.668,4137869.472,-2.237609
298473.544,4137869.315,-2.237260
298473.420,4137869.157,-2.237399
298473.297,4137869.000,-2.238024
298473.173,4137868.843,-2.239137
298473.049,4137868.686,-2.240738
298472.924,4137868.530,-2.242617
298472.800,4137868.373,-2.244109
298472.675,4137868.217,-2.245163
298472.550,4137868.061,-2.245779
298472.425,4137867.905,-2.245958
298472.300,4137867.749,-2.245699
298472.175,4137867.592,-2.245002
298472.050,4137867.436,-2.243867
298471.926,4137867.280,-2.242479
298471.802,4137867.123,-2.241192
298471.677,4137866.966,-2.240017
298471.553,4137866.809,-2.238951
298471.430,4137866.652,-2.237997
298471.306,4137866.495,-2.237153
298471.182,4137866.338,-2.236420
298471.059,4137866.181,-2.235797
298470.935,4137866.023,-2.235285
298470.812,4137865.866,-2.234884
298470.689,4137865.708,-2.234593
298470.566,4137865.551,-2.234413
298470.443,4137865.393,-2.234344
298470.319,4137865.236,-2.234385
298470.196,4137865.078,-2.234537
298470.073,4137864.920,-2.234770
298469.950,4137864.763,-2.235035
298469.826,4137864.606,-2.235332
298469.703,4137864.448,-2.235661
298469.580,4137864.291,-2.236022
298469.456,4137864.133,-2.236414
298469.333,4137863.976,-2.236837
298469.209,4137863.819,-2.237293
298469.085,4137863.662,-2.237780
298468.962,4137863.505,-2.238298
298468.838,4137863.348,-2.238848
298468.714,4137863.191,-2.239430
298468.590,4137863.034,-2.240028
298468.466,4137862.877,-2.240553
298468.341,4137862.720,-2.240992
298468.217,4137862.563,-2.241344
298468.093,4137862.407,-2.241610
298467.969,4137862.250,-2.241790
298467.844,4137862.094,-2.241883
298467.720,4137861.937,-2.241890
298467.596,4137861.780,-2.241811
298467.471,4137861.624,-2.241646
298467.347,4137861.467,-2.241394
298467.223,4137861.310,-2.241056
298467.098,4137861.154,-2.240631
298466.974,4137860.997,-2.240120
298466.850,4137860.840,-2.239523
298466.726,4137860.683,-2.238850
298466.602,4137860.526,-2.238233
298466.479,4137860.369,-2.237709
298466.355,4137860.212,-2.237279
298466.231,4137860.054,-2.236943
298466.108,4137859.897,-2.236701
298465.984,4137859.740,-2.236553
298465.861,4137859.583,-2.236499
298465.737,4137859.425,-2.236538
298465.614,4137859.268,-2.236672
298465.490,4137859.111,-2.236899
298465.367,4137858.954,-2.237220
298465.243,4137858.796,-2.237635
298465.119,4137858.639,-2.238144
298464.995,4137858.482,-2.238747
298464.871,4137858.325,-2.239321
298464.748,4137858.168,-2.238952
298464.624,4137858.011,-2.238337
298464.500,4137857.854,-2.237781
298464.376,4137857.697,-2.237283
298464.253,4137857.540,-2.236842
298464.129,4137857.382,-2.236459
298464.006,4137857.225,-2.236135
298463.882,4137857.068,-2.235868
298463.759,4137856.910,-2.235658
298463.635,4137856.753,-2.235507
298463.512,4137856.596,-2.235414
298463.389,4137856.438,-2.235378
298463.265,4137856.281,-2.235401
298463.142,4137856.123,-2.235481
298463.019,4137855.966,-2.235619
298462.895,4137855.809,-2.235832
298462.772,4137855.651,-2.236277
298462.648,4137855.494,-2.236822
298462.525,4137855.337,-2.237310
298462.401,4137855.180,-2.237740
298462.277,4137855.022,-2.238113
298462.153,4137854.865,-2.238428
298462.030,4137854.708,-2.238686
298461.906,4137854.551,-2.238885
298461.782,4137854.394,-2.239028
298461.658,4137854.237,-2.239112
298461.534,4137854.080,-2.239140
298461.410,4137853.923,-2.239109
298461.286,4137853.766,-2.239021
298461.162,4137853.609,-2.238876
298461.038,4137853.452,-2.238673
298460.914,4137853.295,-2.238410
298460.791,4137853.138,-2.237878
298460.667,4137852.981,-2.236927
298460.544,4137852.824,-2.235721
298460.420,4137852.666,-2.234612
298460.297,4137852.509,-2.233613
298460.174,4137852.351,-2.232723
298460.051,4137852.193,-2.231942
298459.929,4137852.035,-2.231270
298459.806,4137851.877,-2.230708
298459.683,4137851.719,-2.230254
298459.561,4137851.561,-2.229910
298459.438,4137851.403,-2.229675
298459.316,4137851.245,-2.229549
298459.193,4137851.087,-2.229532
298459.071,4137850.929,-2.229625
298458.949,4137850.771,-2.229826
298458.826,4137850.613,-2.230137
298458.704,4137850.455,-2.230629
298458.581,4137850.297,-2.231443
298458.458,4137850.139,-2.232583
298458.335,4137849.981,-2.233989
298458.212,4137849.824,-2.235304
298458.088,4137849.666,-2.236467
298457.965,4137849.509,-2.237478
298457.841,4137849.352,-2.238336
298457.717,4137849.195,-2.239042
298457.593,4137849.038,-2.239595
298457.469,4137848.881,-2.239997
298457.345,4137848.724,-2.240246
298457.221,4137848.567,-2.240343
298457.097,4137848.410,-2.240288
298456.973,4137848.254,-2.240080
298456.849,4137848.097,-2.239720
298456.725,4137847.940,-2.239208
298456.601,4137847.783,-2.238543
298456.477,4137847.626,-2.237974
298456.353,4137847.469,-2.238584
298456.229,4137847.312,-2.239622
298456.105,4137847.155,-2.240506
298455.981,4137846.998,-2.241236
298455.857,4137846.841,-2.241812
298455.732,4137846.685,-2.242234
298455.608,4137846.528,-2.242502
298455.484,4137846.372,-2.242615
298455.359,4137846.215,-2.242575
298455.235,4137846.059,-2.242380
298455.110,4137845.902,-2.242032
298454.986,4137845.745,-2.241529
298454.862,4137845.589,-2.240873
298454.737,4137845.432,-2.240062
298454.613,4137845.275,-2.239097
298454.490,4137845.118,-2.238002
298454.366,4137844.961,-2.237562
298454.242,4137844.804,-2.237532
298454.119,4137844.647,-2.237460
298453.995,4137844.489,-2.237345
298453.871,4137844.332,-2.237188
298453.748,4137844.175,-2.236989
298453.624,4137844.018,-2.236747
298453.501,4137843.860,-2.236463
298453.377,4137843.703,-2.236137
298453.254,4137843.546,-2.235768
298453.130,4137843.388,-2.235357
298453.007,4137843.231,-2.234904
298452.884,4137843.073,-2.234409
298452.761,4137842.916,-2.233871
298452.638,4137842.758,-2.233291
298452.515,4137842.600,-2.232694
298452.392,4137842.443,-2.233165
298452.269,4137842.285,-2.234123
298452.145,4137842.128,-2.234996
298452.022,4137841.970,-2.235786
298451.899,4137841.813,-2.236493
298451.775,4137841.656,-2.237115
298451.651,4137841.498,-2.237653
298451.528,4137841.341,-2.238108
298451.404,4137841.184,-2.238479
298451.280,4137841.027,-2.238766
298451.156,4137840.870,-2.238969
298451.032,4137840.713,-2.239089
298450.908,4137840.556,-2.239124
298450.784,4137840.399,-2.239076
298450.660,4137840.242,-2.238944
298450.536,4137840.085,-2.238728
298450.413,4137839.928,-2.238469
298450.289,4137839.771,-2.238253
298450.165,4137839.614,-2.238082
298450.041,4137839.457,-2.237957
298449.918,4137839.300,-2.237878
298449.794,4137839.143,-2.237844
298449.670,4137838.986,-2.237855
298449.546,4137838.829,-2.237912
298449.423,4137838.671,-2.238015
298449.299,4137838.514,-2.238164
298449.175,4137838.357,-2.238357
298449.051,4137838.200,-2.238597
298448.927,4137838.043,-2.238882
298448.803,4137837.886,-2.239212
298448.679,4137837.729,-2.239588
298448.555,4137837.572,-2.239781
298448.431,4137837.415,-2.239457
298448.307,4137837.259,-2.239030
298448.184,4137837.102,-2.238658
298448.060,4137836.945,-2.238341
298447.936,4137836.787,-2.238078
298447.812,4137836.630,-2.237871
298447.688,4137836.473,-2.237718
298447.565,4137836.316,-2.237620
298447.441,4137836.159,-2.237578
298447.317,4137836.002,-2.237590
298447.194,4137835.845,-2.237657
298447.070,4137835.687,-2.237779
298446.946,4137835.530,-2.237956
298446.823,4137835.373,-2.238187
298446.699,4137835.216,-2.238474
298446.575,4137835.059,-2.238791
298446.451,4137834.902,-2.238805
298446.327,4137834.745,-2.238409
298446.203,4137834.588,-2.237663
298446.080,4137834.431,-2.236941
298445.956,4137834.274,-2.236308
298445.833,4137834.116,-2.235763
298445.709,4137833.959,-2.235307
298445.586,4137833.801,-2.234940
298445.463,4137833.644,-2.234662
298445.340,4137833.486,-2.234472
298445.216,4137833.329,-2.234371
298445.093,4137833.171,-2.234359
298444.970,4137833.014,-2.234435
298444.847,4137832.856,-2.234600
298444.724,4137832.699,-2.234854
298444.600,4137832.541,-2.235197
298444.477,4137832.384,-2.235628
298444.354,4137832.226,-2.236140
298444.230,4137832.069,-2.236684
298444.106,4137831.912,-2.237256
298443.983,4137831.755,-2.237826
298443.859,4137831.598,-2.238247
298443.735,4137831.440,-2.238500
298443.611,4137831.283,-2.238583
298443.488,4137831.126,-2.238498
298443.364,4137830.969,-2.238245
298443.240,4137830.812,-2.237822
298443.116,4137830.655,-2.237231
298442.993,4137830.498,-2.236471
298442.869,4137830.341,-2.235542
298442.746,4137830.183,-2.234444
298442.623,4137830.025,-2.233177
298442.500,4137829.868,-2.231742
298442.377,4137829.710,-2.230137
298442.255,4137829.551,-2.228364
298442.133,4137829.393,-2.226475
298442.011,4137829.234,-2.224769
298441.890,4137829.076,-2.223291
298441.768,4137828.917,-2.222043
298441.647,4137828.758,-2.221024
298441.526,4137828.598,-2.220234
298441.405,4137828.439,-2.219674
298441.284,4137828.280,-2.219342
298441.164,4137828.120,-2.219239
298441.043,4137827.961,-2.219366
298440.922,4137827.801,-2.219721
298440.801,4137827.642,-2.220306
298440.680,4137827.483,-2.221119
298440.559,4137827.324,-2.222162
298440.438,4137827.165,-2.223433
298440.316,4137827.006,-2.224729
298440.194,4137826.847,-2.224866
298440.073,4137826.689,-2.223655
298439.951,4137826.530,-2.221095
298439.831,4137826.370,-2.217186
298439.711,4137826.210,-2.211928
298439.591,4137826.050,-2.206036
298439.473,4137825.888,-2.200710
298439.356,4137825.726,-2.195966
298439.239,4137825.564,-2.191806
298439.123,4137825.401,-2.188230
298439.007,4137825.238,-2.185237
298438.892,4137825.074,-2.182827
298438.778,4137824.911,-2.181000
298438.663,4137824.747,-2.179756
298438.549,4137824.582,-2.179094
298438.435,4137824.418,-2.179015
298438.320,4137824.254,-2.179518
298438.206,4137824.090,-2.180604
298438.091,4137823.926,-2.182272
298437.976,4137823.763,-2.184523
298437.861,4137823.599,-2.186620
298437.745,4137823.436,-2.187658
298437.629,4137823.273,-2.188185
298437.514,4137823.110,-2.188672
298437.398,4137822.947,-2.189119
298437.282,4137822.784,-2.189525
298437.166,4137822.621,-2.189890
298437.050,4137822.458,-2.190214
298436.934,4137822.296,-2.190498
298436.817,4137822.133,-2.190741
298436.701,4137821.970,-2.190943
298436.585,4137821.807,-2.191105
298436.469,4137821.645,-2.191226
298436.352,4137821.482,-2.191306
298436.236,4137821.319,-2.191346
298436.120,4137821.156,-2.191345
298436.003,4137820.994,-2.191303
298435.887,4137820.831,-2.191217
298435.771,4137820.668,-2.191084
298435.655,4137820.506,-2.190904
298435.539,4137820.343,-2.190677
298435.422,4137820.180,-2.190403
298435.306,4137820.017,-2.190083
298435.190,4137819.854,-2.189715
298435.074,4137819.691,-2.189300
298434.958,4137819.528,-2.188838
298434.842,4137819.365,-2.188378
298434.727,4137819.202,-2.187959
298434.611,4137819.039,-2.187583
298434.495,4137818.876,-2.187248
298434.380,4137818.713,-2.186955
298434.264,4137818.550,-2.186705
298434.149,4137818.386,-2.186496
298434.033,4137818.223,-2.186329
298433.918,4137818.060,-2.186204
298433.802,4137817.896,-2.186121
298433.687,4137817.733,-2.186081
298433.571,4137817.570,-2.186082
298433.456,4137817.406,-2.186125
298433.340,4137817.243,-2.186210
298433.225,4137817.080,-2.186336
298433.110,4137816.917,-2.186472
298432.994,4137816.753,-2.186595
298432.878,4137816.590,-2.186703
298432.763,4137816.427,-2.186797
298432.647,4137816.264,-2.186877
298432.532,4137816.100,-2.186943
298432.416,4137815.937,-2.186996
298432.301,4137815.774,-2.187034
298432.185,4137815.611,-2.187058
298432.069,4137815.448,-2.187069
298431.954,4137815.284,-2.187065
298431.838,4137815.121,-2.187048
298431.723,4137814.958,-2.187009
298431.607,4137814.795,-2.186915
298431.492,4137814.632,-2.186762
298431.376,4137814.468,-2.186551
298431.261,4137814.305,-2.186281
298431.145,4137814.142,-2.185952
298431.030,4137813.978,-2.185565
298430.914,4137813.815,-2.185119
298430.799,4137813.652,-2.184614
298430.684,4137813.488,-2.184050
298430.569,4137813.324,-2.183428
298430.454,4137813.161,-2.182748
298430.339,4137812.997,-2.182008
298430.225,4137812.833,-2.181210
298430.110,4137812.669,-2.180353
298429.996,4137812.505,-2.179895
298429.881,4137812.341,-2.181783
298429.766,4137812.178,-2.186241
298429.650,4137812.015,-2.193269
298429.533,4137811.853,-2.201906
298429.414,4137811.692,-2.209880
298429.294,4137811.532,-2.217094
298429.173,4137811.373,-2.223547
298429.051,4137811.214,-2.229239
298428.928,4137811.056,-2.234170
298428.805,4137810.899,-2.238341
298428.681,4137810.742,-2.241751
298428.556,4137810.585,-2.244403
298428.431,4137810.429,-2.246296
298428.306,4137810.273,-2.247430
298428.181,4137810.117,-2.247807
298428.056,4137809.962,-2.247426
298427.931,4137809.806,-2.246288
298427.806,4137809.649,-2.244391
298427.681,4137809.493,-2.242062
298427.557,4137809.336,-2.239932
298427.433,4137809.179,-2.238018
298427.309,4137809.022,-2.236319
298427.186,4137808.865,-2.234835
298427.063,4137808.707,-2.233567
298426.940,4137808.549,-2.232515
298426.817,4137808.391,-2.231679
298426.694,4137808.233,-2.231059
298426.572,4137808.076,-2.230654
298426.449,4137807.917,-2.230466
298426.327,4137807.759,-2.230493
298426.204,4137807.601,-2.230736
298426.081,4137807.443,-2.231196
298425.959,4137807.286,-2.231871
298425.836,4137807.128,-2.232601
298425.713,4137806.970,-2.233164
298425.590,4137806.812,-2.233558
298425.467,4137806.655,-2.233784
298425.344,4137806.497,-2.233867
298425.220,4137806.339,-2.233926
298425.097,4137806.182,-2.233977
298424.974,4137806.024,-2.234020
298424.851,4137805.867,-2.234054
298424.728,4137805.709,-2.234080
298424.605,4137805.552,-2.234097
298424.482,4137805.394,-2.234106
298424.359,4137805.236,-2.234106
298424.235,4137805.079,-2.234098
298424.112,4137804.921,-2.234082
298423.989,4137804.764,-2.234061
298423.866,4137804.606,-2.234042
298423.743,4137804.448,-2.234023
298423.620,4137804.291,-2.234005
298423.497,4137804.133,-2.233988
298423.373,4137803.976,-2.233972
298423.250,4137803.818,-2.233957
298423.127,4137803.660,-2.233943
298423.004,4137803.503,-2.233929
298422.881,4137803.345,-2.233916
298422.758,4137803.188,-2.233905
298422.635,4137803.030,-2.233894
298422.512,4137802.872,-2.233884
298422.389,4137802.715,-2.233874
298422.266,4137802.557,-2.233866
298422.142,4137802.400,-2.233858
298422.019,4137802.242,-2.233848
298421.896,4137802.084,-2.233838
298421.773,4137801.927,-2.233827
298421.650,4137801.769,-2.233816
298421.527,4137801.611,-2.233803
298421.404,4137801.454,-2.233790
298421.281,4137801.296,-2.233776
298421.158,4137801.139,-2.233761
298421.035,4137800.981,-2.233745
298420.911,4137800.823,-2.233729
298420.788,4137800.666,-2.233711
298420.665,4137800.508,-2.233693
298420.542,4137800.350,-2.233674
298420.419,4137800.193,-2.233654
298420.296,4137800.035,-2.233638
298420.173,4137799.877,-2.233626
298420.050,4137799.720,-2.233620
298419.927,4137799.562,-2.233618
298419.804,4137799.405,-2.233622
298419.681,4137799.247,-2.233631
298419.558,4137799.089,-2.233644
298419.435,4137798.932,-2.233662
298419.312,4137798.774,-2.233685
298419.189,4137798.616,-2.233712
298419.065,4137798.459,-2.233745
298418.942,4137798.301,-2.233781
298418.819,4137798.143,-2.233823
298418.696,4137797.986,-2.233869
298418.573,4137797.828,-2.233920
298418.450,4137797.671,-2.233967
298418.327,4137797.513,-2.234007
298418.204,4137797.355,-2.234041
298418.081,4137797.198,-2.234067
298417.957,4137797.040,-2.234087
298417.834,4137796.883,-2.234099
298417.711,4137796.725,-2.234105
298417.588,4137796.567,-2.234103
298417.465,4137796.410,-2.234095
298417.342,4137796.252,-2.234080
298417.219,4137796.095,-2.234058
298417.095,4137795.937,-2.234029
298416.972,4137795.780,-2.233993
298416.849,4137795.622,-2.233950
298416.726,4137795.464,-2.233901
298416.603,4137795.307,-2.233853
298416.480,4137795.149,-2.233809
298416.357,4137794.991,-2.233770
298416.234,4137794.834,-2.233735
298416.111,4137794.676,-2.233705
298415.988,4137794.519,-2.233678
298415.865,4137794.361,-2.233657
298415.741,4137794.203,-2.233639
298415.618,4137794.046,-2.233626
298415.495,4137793.888,-2.233617
298415.372,4137793.730,-2.233613
298415.249,4137793.573,-2.233613
298415.126,4137793.415,-2.233617
298415.003,4137793.257,-2.233626
298414.880,4137793.100,-2.233639
298414.757,4137792.942,-2.233660
298414.634,4137792.785,-2.233689
298414.511,4137792.627,-2.233726
298414.388,4137792.469,-2.233771
298414.265,4137792.312,-2.233825
298414.141,4137792.154,-2.233887
298414.018,4137791.996,-2.233957
298413.895,4137791.839,-2.234036
298413.772,4137791.681,-2.234122
298413.649,4137791.524,-2.234217
298413.526,4137791.366,-2.234320
298413.403,4137791.209,-2.234432
298413.279,4137791.051,-2.234551
298413.156,4137790.893,-2.234679
298413.033,4137790.736,-2.234799
298412.910,4137790.578,-2.234782
298412.786,4137790.421,-2.234600
298412.663,4137790.263,-2.234286
298412.540,4137790.106,-2.233993
298412.417,4137789.948,-2.233742
298412.294,4137789.791,-2.233532
298412.171,4137789.633,-2.233365
298412.048,4137789.475,-2.233239
298411.925,4137789.318,-2.233154
298411.802,4137789.160,-2.233112
298411.679,4137789.002,-2.233111
298411.556,4137788.844,-2.233152
298411.433,4137788.687,-2.233234
298411.310,4137788.529,-2.233358
298411.187,4137788.371,-2.233516
298411.064,4137788.214,-2.233663
298410.941,4137788.056,-2.233794
298410.818,4137787.898,-2.233908
298410.695,4137787.741,-2.234005
298410.571,4137787.583,-2.234086
298410.448,4137787.426,-2.234150
298410.325,4137787.268,-2.234198
298410.202,4137787.111,-2.234229
298410.079,4137786.953,-2.234243
298409.956,4137786.795,-2.234241
298409.833,4137786.638,-2.234222
298409.709,4137786.480,-2.234186
298409.586,4137786.323,-2.234134
298409.463,4137786.165,-2.234065
298409.340,4137786.007,-2.233983
298409.217,4137785.850,-2.233908
298409.094,4137785.692,-2.233840
298408.971,4137785.535,-2.233780
298408.848,4137785.377,-2.233728
298408.724,4137785.219,-2.233684
298408.601,4137785.062,-2.233647
298408.478,4137784.904,-2.233618
298408.355,4137784.746,-2.233597
298408.232,4137784.589,-2.233584
298408.109,4137784.431,-2.233578
298407.986,4137784.274,-2.233580
298407.863,4137784.116,-2.233590
298407.740,4137783.958,-2.233608
298407.617,4137783.801,-2.233634
298407.494,4137783.643,-2.233664
298407.371,4137783.485,-2.233693
298407.248,4137783.328,-2.233719
298407.125,4137783.170,-2.233741
298407.002,4137783.012,-2.233762
298406.878,4137782.855,-2.233779
298406.755,4137782.697,-2.233793
298406.632,4137782.540,-2.233805
298406.509,4137782.382,-2.233814
298406.386,4137782.224,-2.233820
298406.263,4137782.067,-2.233824
298406.140,4137781.909,-2.233824
298406.017,4137781.751,-2.233822
298405.894,4137781.594,-2.233817
298405.771,4137781.436,-2.233809
298405.648,4137781.279,-2.233799
298405.524,4137781.121,-2.233790
298405.401,4137780.963,-2.233781
298405.278,4137780.806,-2.233773
298405.155,4137780.648,-2.233765
298405.032,4137780.490,-2.233758
298404.909,4137780.333,-2.233751
298404.786,4137780.175,-2.233745
298404.663,4137780.018,-2.233739
298404.540,4137779.860,-2.233734
298404.417,4137779.702,-2.233729
298404.294,4137779.545,-2.233725
298404.170,4137779.387,-2.233722
298404.047,4137779.229,-2.233718
298403.924,4137779.072,-2.233716
298403.801,4137778.914,-2.233714
298403.678,4137778.756,-2.233715
298403.555,4137778.599,-2.233717
298403.432,4137778.441,-2.233722
298403.309,4137778.284,-2.233729
298403.186,4137778.126,-2.233738
298403.063,4137777.968,-2.233749
298402.940,4137777.811,-2.233762
298402.817,4137777.653,-2.233778
298402.694,4137777.495,-2.233795
298402.570,4137777.338,-2.233815
298402.447,4137777.180,-2.233836
298402.324,4137777.023,-2.233860
298402.201,4137776.865,-2.233886
298402.078,4137776.707,-2.233914
298401.955,4137776.550,-2.233941
298401.832,4137776.392,-2.233964
298401.709,4137776.235,-2.233982
298401.586,4137776.077,-2.233995
298401.462,4137775.919,-2.234003
298401.339,4137775.762,-2.234006
298401.216,4137775.604,-2.234005
298401.093,4137775.447,-2.233999
298400.970,4137775.289,-2.233988
298400.847,4137775.131,-2.233972
298400.724,4137774.974,-2.233952
298400.601,4137774.816,-2.233927
298400.477,4137774.659,-2.233897
298400.354,4137774.501,-2.233862
298400.231,4137774.343,-2.233822
298400.108,4137774.186,-2.233784
298399.985,4137774.028,-2.233753
298399.862,4137773.870,-2.233729
298399.739,4137773.713,-2.233712
298399.616,4137773.555,-2.233703
298399.493,4137773.398,-2.233700
298399.370,4137773.240,-2.233705
298399.247,4137773.082,-2.233717
298399.124,4137772.925,-2.233736
298399.000,4137772.767,-2.233763
298398.877,4137772.609,-2.233796
298398.754,4137772.452,-2.233837
298398.631,4137772.294,-2.233885
298398.508,4137772.137,-2.233940
298398.385,4137771.979,-2.234003
298398.262,4137771.821,-2.234060
298398.139,4137771.664,-2.234103
298398.016,4137771.506,-2.234132
298397.892,4137771.349,-2.234147
298397.769,4137771.191,-2.234147
298397.646,4137771.033,-2.234134
298397.523,4137770.876,-2.234105
298397.400,4137770.718,-2.234063
298397.277,4137770.561,-2.234006
298397.154,4137770.403,-2.233935
298397.030,4137770.245,-2.233850
298396.907,4137770.088,-2.233750
298396.784,4137769.930,-2.233636
298396.661,4137769.773,-2.233508
298396.538,4137769.615,-2.233366
298396.415,4137769.457,-2.233243
298396.292,4137769.300,-2.233158
298396.169,4137769.142,-2.233110
298396.046,4137768.984,-2.233100
298395.923,4137768.826,-2.233128
298395.800,4137768.669,-2.233193
298395.677,4137768.511,-2.233271
298395.554,4137768.353,-2.233327
298395.431,4137768.196,-2.233360
298395.308,4137768.038,-2.233371
298395.185,4137767.880,-2.233358
298395.062,4137767.723,-2.233322
298394.939,4137767.565,-2.233264
298394.816,4137767.407,-2.233183
298394.693,4137767.250,-2.233081
298394.570,4137767.092,-2.233035
298394.447,4137766.934,-2.233089
298394.324,4137766.776,-2.233243
298394.201,4137766.619,-2.233497
298394.078,4137766.461,-2.233850
298393.955,4137766.304,-2.234303
298393.832,4137766.146,-2.234856
298393.708,4137765.989,-2.235456
298393.585,4137765.831,-2.236012
298393.462,4137765.674,-2.236522
298393.338,4137765.517,-2.236986
298393.214,4137765.359,-2.237404
298393.091,4137765.202,-2.237776
298392.967,4137765.045,-2.238102
298392.843,4137764.888,-2.238383
298392.719,4137764.731,-2.238617
298392.595,4137764.574,-2.238806
298392.472,4137764.417,-2.238949
298392.348,4137764.260,-2.239045
298392.224,4137764.103,-2.239096
298392.100,4137763.946,-2.239101
298391.976,4137763.789,-2.239060
298391.852,4137763.632,-2.238977
298391.728,4137763.475,-2.238860
298391.604,4137763.318,-2.238708
298391.480,4137763.161,-2.238521
298391.357,4137763.004,-2.238299
298391.233,4137762.847,-2.238042
298391.109,4137762.690,-2.237750
298390.985,4137762.533,-2.237423
298390.862,4137762.375,-2.237062
298390.738,4137762.218,-2.236665
298390.615,4137762.061,-2.236234
298390.491,4137761.904,-2.235772
298390.368,4137761.746,-2.235335
298390.245,4137761.589,-2.234935
298390.121,4137761.431,-2.234572
298389.998,4137761.274,-2.234248
298389.875,4137761.116,-2.233962
298389.752,4137760.958,-2.233713
298389.629,4137760.801,-2.233502
298389.506,4137760.643,-2.233329
298389.383,4137760.485,-2.233194
298389.260,4137760.328,-2.233096
298389.137,4137760.170,-2.233037
298389.014,4137760.012,-2.233015
298388.891,4137759.855,-2.233031
298388.768,4137759.697,-2.233085
298388.645,4137759.539,-2.233174
298388.522,4137759.381,-2.233279
298388.399,4137759.224,-2.233396
298388.276,4137759.066,-2.233524
298388.153,4137758.909,-2.233664
298388.030,4137758.751,-2.233815
298387.907,4137758.593,-2.233977
298387.783,4137758.436,-2.234151
298387.660,4137758.278,-2.234337
298387.537,4137758.121,-2.234534
298387.414,4137757.963,-2.234743
298387.291,4137757.806,-2.234963
298387.167,4137757.648,-2.235187
298387.044,4137757.491,-2.235386
298386.921,4137757.333,-2.235559
298386.797,4137757.176,-2.235704
298386.674,4137757.018,-2.235822
298386.550,4137756.861,-2.235913
298386.427,4137756.704,-2.235977
298386.304,4137756.546,-2.236013
298386.180,4137756.389,-2.236022
298386.057,4137756.232,-2.236005
298385.933,4137756.074,-2.235959
298385.810,4137755.917,-2.235887
298385.686,4137755.760,-2.235788
298385.563,4137755.602,-2.235661
298385.440,4137755.445,-2.235507
298385.316,4137755.287,-2.235341
298385.193,4137755.130,-2.235223
298385.070,4137754.972,-2.235158
298384.946,4137754.815,-2.235145
298384.823,4137754.658,-2.235187
298384.700,4137754.500,-2.235280
298384.576,4137754.343,-2.235376
298384.453,4137754.185,-2.235447
298384.330,4137754.028,-2.235493
298384.206,4137753.870,-2.235515
298384.083,4137753.713,-2.235511
298383.960,4137753.556,-2.235483
298383.836,4137753.398,-2.235430
298383.713,4137753.241,-2.235352
298383.590,4137753.083,-2.235249
298383.466,4137752.926,-2.235121
298383.343,4137752.768,-2.234968
298383.220,4137752.611,-2.234791
298383.097,4137752.453,-2.234589
298382.973,4137752.296,-2.234362
298382.850,4137752.138,-2.234119
298382.727,4137751.981,-2.234245
298382.604,4137751.823,-2.234949
298382.480,4137751.666,-2.236230
298382.357,4137751.509,-2.238058
298382.233,4137751.352,-2.239896
298382.109,4137751.195,-2.241542
298381.984,4137751.038,-2.242995
298381.860,4137750.882,-2.244255
298381.735,4137750.726,-2.245323
298381.610,4137750.569,-2.246198
298381.485,4137750.413,-2.246880
298381.360,4137750.257,-2.247370
298381.234,4137750.102,-2.247668
298381.109,4137749.946,-2.247773
298380.984,4137749.790,-2.247685
298380.859,4137749.634,-2.247405
298380.733,4137749.478,-2.246932
298380.608,4137749.322,-2.246314
298380.483,4137749.166,-2.247923
298380.358,4137749.010,-2.247192
298380.233,4137748.854,-2.244513
298380.108,4137748.697,-2.242065
298379.984,4137748.541,-2.239847
298379.860,4137748.384,-2.237860
298379.737,4137748.226,-2.236104
298379.613,4137748.069,-2.234579
298379.490,4137747.911,-2.233284
298379.367,4137747.754,-2.232220
298379.244,4137747.596,-2.231386
298379.122,4137747.438,-2.230783
298378.999,4137747.280,-2.230411
298378.877,4137747.122,-2.230269
298378.754,4137746.964,-2.230358
298378.632,4137746.806,-2.230678
298378.509,4137746.648,-2.231228
298378.386,4137746.490,-2.231871
298378.263,4137746.332,-2.232486
298378.140,4137746.174,-2.233073
298378.017,4137746.017,-2.233632
298377.894,4137745.859,-2.234164
298377.771,4137745.701,-2.234667
298377.648,4137745.544,-2.235142
298377.524,4137745.386,-2.235589
298377.401,4137745.229,-2.236009
298377.278,4137745.072,-2.236400
298377.154,4137744.914,-2.236764
298377.030,4137744.757,-2.237099
298376.907,4137744.600,-2.237407
298376.783,4137744.443,-2.237686
298376.659,4137744.286,-2.237939
298376.536,4137744.129,-2.238165
298376.412,4137743.972,-2.238366
298376.288,4137743.815,-2.238540
298376.164,4137743.658,-2.238688
298376.040,4137743.501,-2.238810
298375.916,4137743.344,-2.238906
298375.793,4137743.187,-2.238976
298375.669,4137743.030,-2.239020
298375.545,4137742.873,-2.239038
298375.421,4137742.716,-2.239029
298375.297,4137742.559,-2.238995
298375.173,4137742.402,-2.238934
298375.049,4137742.245,-2.238847
298374.925,4137742.088,-2.238734
298374.801,4137741.931,-2.238617
298374.677,4137741.774,-2.238514
298374.554,4137741.617,-2.238425
298374.430,4137741.459,-2.238350
298374.306,4137741.302,-2.238288
298374.182,4137741.145,-2.238241
298374.058,4137740.988,-2.238207
298373.935,4137740.831,-2.238188
298373.811,4137740.674,-2.238182
298373.687,4137740.517,-2.238190
298373.563,4137740.360,-2.238212
298373.440,4137740.203,-2.238248
298373.316,4137740.046,-2.238298
298373.192,4137739.889,-2.238362
298373.068,4137739.732,-2.238431
298372.944,4137739.575,-2.238494
298372.820,4137739.418,-2.238552
298372.697,4137739.261,-2.238605
298372.573,4137739.104,-2.238652
298372.449,4137738.947,-2.238695
298372.325,4137738.790,-2.238732
298372.201,4137738.632,-2.238763
298372.077,4137738.475,-2.238790
298371.953,4137738.318,-2.238811
298371.830,4137738.161,-2.238827
298371.706,4137738.004,-2.238838
298371.582,4137737.847,-2.238843
298371.458,4137737.690,-2.238843
298371.334,4137737.533,-2.238838
298371.210,4137737.376,-2.238829
298371.086,4137737.219,-2.238817
298370.962,4137737.062,-2.238802
298370.838,4137736.905,-2.238784
298370.715,4137736.748,-2.238763
298370.591,4137736.591,-2.238739
298370.467,4137736.434,-2.238712
298370.343,4137736.277,-2.238682
298370.219,4137736.120,-2.238650
298370.095,4137735.963,-2.238614
298369.971,4137735.806,-2.238575
298369.848,4137735.649,-2.238534
298369.724,4137735.492,-2.238489
298369.600,4137735.335,-2.238442
298369.476,4137735.178,-2.238395
298369.352,4137735.021,-2.238352
298369.229,4137734.864,-2.238313
298369.105,4137734.707,-2.238279
298368.981,4137734.550,-2.238249
298368.857,4137734.393,-2.238222
298368.733,4137734.236,-2.238200
298368.610,4137734.079,-2.238182
298368.486,4137733.922,-2.238169
298368.362,4137733.765,-2.238159
298368.238,4137733.607,-2.238154
298368.114,4137733.450,-2.238152
298367.991,4137733.293,-2.238155
298367.867,4137733.136,-2.238162
298367.743,4137732.979,-2.238173
298367.619,4137732.822,-2.238179
298367.496,4137732.665,-2.238171
298367.372,4137732.508,-2.238148
298367.248,4137732.351,-2.238112
298367.124,4137732.194,-2.238061
298367.000,4137732.037,-2.237997
298366.877,4137731.879,-2.237919
298366.753,4137731.722,-2.237826
298366.629,4137731.565,-2.237720
298366.506,4137731.408,-2.237599
298366.382,4137731.251,-2.237465
298366.258,4137731.094,-2.237316
298366.135,4137730.937,-2.237154
298366.011,4137730.779,-2.236977
298365.887,4137730.622,-2.236796
298365.764,4137730.465,-2.236623
298365.640,4137730.308,-2.236457
298365.517,4137730.150,-2.236301
298365.393,4137729.993,-2.236152
298365.270,4137729.836,-2.236012
298365.147,4137729.678,-2.235880
298365.023,4137729.521,-2.235756
298364.900,4137729.363,-2.235640
298364.776,4137729.206,-2.235533
298364.653,4137729.049,-2.235433
298364.530,4137728.891,-2.235342
298364.406,4137728.734,-2.235260
298364.283,4137728.576,-2.235185
298364.160,4137728.419,-2.235119
298364.036,4137728.261,-2.235069
298363.913,4137728.104,-2.235044
298363.790,4137727.946,-2.235045
298363.667,4137727.789,-2.235071
298363.543,4137727.631,-2.235124
298363.420,4137727.474,-2.235201
298363.297,4137727.317,-2.235305
298363.173,4137727.159,-2.235434
298363.050,4137727.002,-2.235589
298362.927,4137726.844,-2.235769
298362.803,4137726.687,-2.235975
298362.680,4137726.530,-2.236207
298362.556,4137726.372,-2.236464
298362.433,4137726.215,-2.236747
298362.309,4137726.058,-2.237027
298362.185,4137725.901,-2.237283
298362.062,4137725.743,-2.237514
298361.938,4137725.586,-2.237722
298361.814,4137725.429,-2.237905
298361.691,4137725.272,-2.238065
298361.567,4137725.115,-2.238200
298361.443,4137724.958,-2.238311
298361.319,4137724.801,-2.238398
298361.195,4137724.644,-2.238461
298361.072,4137724.487,-2.238500
298360.948,4137724.330,-2.238514
298360.824,4137724.173,-2.238505
298360.700,4137724.016,-2.238471
298360.576,4137723.859,-2.238413
298360.452,4137723.702,-2.238348
298360.329,4137723.544,-2.238286
298360.205,4137723.387,-2.238228
298360.081,4137723.230,-2.238172
298359.957,4137723.073,-2.238120
298359.834,4137722.916,-2.238072
298359.710,4137722.759,-2.238026
298359.586,4137722.602,-2.237984
298359.462,4137722.445,-2.237945
298359.339,4137722.288,-2.237909
298359.215,4137722.131,-2.237877
298359.091,4137721.973,-2.237847
298358.967,4137721.816,-2.237821
298358.844,4137721.659,-2.237799
298358.720,4137721.502,-2.237780
298358.596,4137721.345,-2.237767
298358.472,4137721.188,-2.237758
298358.349,4137721.031,-2.237753
298358.225,4137720.874,-2.237754
298358.101,4137720.716,-2.237759
298357.978,4137720.559,-2.237769
298357.854,4137720.402,-2.237783
298357.730,4137720.245,-2.237803
298357.606,4137720.088,-2.237827
298357.483,4137719.931,-2.237855
298357.359,4137719.774,-2.237889
298357.235,4137719.617,-2.237927
298357.111,4137719.459,-2.237970
298356.988,4137719.302,-2.238016
298356.864,4137719.145,-2.238053
298356.740,4137718.988,-2.238074
298356.616,4137718.831,-2.238078
298356.493,4137718.674,-2.238067
298356.369,4137718.517,-2.238040
298356.245,4137718.360,-2.237996
298356.121,4137718.203,-2.237937
298355.998,4137718.046,-2.237861
298355.874,4137717.888,-2.237770
298355.750,4137717.731,-2.237663
298355.627,4137717.574,-2.237539
298355.503,4137717.417,-2.237400
298355.379,4137717.260,-2.237245
298355.256,4137717.103,-2.237081
298355.132,4137716.945,-2.236929
298355.008,4137716.788,-2.236789
298354.885,4137716.631,-2.236662
298354.761,4137716.474,-2.236547
298354.638,4137716.316,-2.236444
298354.514,4137716.159,-2.236353
298354.391,4137716.002,-2.236275
298354.267,4137715.844,-2.236209
298354.144,4137715.687,-2.236155
298354.020,4137715.530,-2.236114
298353.897,4137715.372,-2.236085
298353.774,4137715.215,-2.236068
298353.650,4137715.058,-2.236064
298353.527,4137714.900,-2.236072
298353.403,4137714.743,-2.236088
298353.280,4137714.586,-2.236107
298353.156,4137714.428,-2.236126
298353.033,4137714.271,-2.236146
298352.909,4137714.114,-2.236168
298352.786,4137713.956,-2.236191
298352.662,4137713.799,-2.236214
298352.539,4137713.642,-2.236239
298352.415,4137713.484,-2.236265
298352.292,4137713.327,-2.236293
298352.169,4137713.170,-2.236321
298352.045,4137713.012,-2.236350
298351.922,4137712.855,-2.236381
298351.798,4137712.698,-2.236413
298351.675,4137712.540,-2.236444
298351.551,4137712.383,-2.236475
298351.427,4137712.226,-2.236505
298351.304,4137712.069,-2.236534
298351.180,4137711.911,-2.236563
298351.057,4137711.754,-2.236591
298350.933,4137711.597,-2.236618
298350.810,4137711.439,-2.236645
298350.686,4137711.282,-2.236671
298350.563,4137711.125,-2.236697
298350.439,4137710.968,-2.236722
298350.316,4137710.810,-2.236746
298350.192,4137710.653,-2.236769
298350.069,4137710.496,-2.236792
298349.945,4137710.339,-2.236814
298349.821,4137710.181,-2.236832
298349.698,4137710.024,-2.236845
298349.574,4137709.867,-2.236852
298349.451,4137709.710,-2.236855
298349.327,4137709.552,-2.236853
298349.204,4137709.395,-2.236845
298349.080,4137709.238,-2.236833
298348.956,4137709.081,-2.236815
298348.833,4137708.923,-2.236792
298348.709,4137708.766,-2.236765
298348.586,4137708.609,-2.236732
298348.462,4137708.452,-2.236694
298348.339,4137708.294,-2.236652
298348.215,4137708.137,-2.236609
298348.092,4137707.980,-2.236566
298347.968,4137707.823,-2.236523
298347.845,4137707.665,-2.236481
298347.721,4137707.508,-2.236438
298347.598,4137707.351,-2.236396
298347.474,4137707.193,-2.236354
298347.351,4137707.036,-2.236312
298347.227,4137706.879,-2.236270
298347.104,4137706.721,-2.236228
298346.980,4137706.564,-2.236186
298346.857,4137706.407,-2.236145
298346.733,4137706.249,-2.236104
298346.610,4137706.092,-2.236062
298346.486,4137705.935,-2.236022
298346.363,4137705.777,-2.235992
298346.239,4137705.620,-2.235973
298346.116,4137705.463,-2.235966
298345.993,4137705.305,-2.235969
298345.869,4137705.148,-2.235984
298345.746,4137704.991,-2.236010
298345.622,4137704.833,-2.236048
298345.499,4137704.676,-2.236097
298345.375,4137704.519,-2.236157
298345.252,4137704.361,-2.236228
298345.128,4137704.204,-2.236311
298345.005,4137704.047,-2.236405
298344.881,4137703.889,-2.236506
298344.758,4137703.732,-2.236599
298344.634,4137703.575,-2.236683
298344.511,4137703.417,-2.236758
298344.387,4137703.260,-2.236824
298344.264,4137703.103,-2.236881
298344.140,4137702.946,-2.236929
298344.016,4137702.789,-2.236968
298343.893,4137702.631,-2.236998
298343.769,4137702.474,-2.237019
298343.646,4137702.317,-2.237031
298343.522,4137702.160,-2.237034
298343.398,4137702.002,-2.237028
298343.275,4137701.845,-2.237013
298343.151,4137701.688,-2.236988
298343.028,4137701.531,-2.236957
298342.904,4137701.373,-2.236926
298342.780,4137701.216,-2.236896
298342.657,4137701.059,-2.236866
298342.533,4137700.902,-2.236836
298342.410,4137700.744,-2.236807
298342.286,4137700.587,-2.236778
298342.163,4137700.430,-2.236750
298342.039,4137700.273,-2.236722
298341.916,4137700.115,-2.236695
298341.792,4137699.958,-2.236668
298341.668,4137699.801,-2.236641
298341.545,4137699.644,-2.236615
298341.421,4137699.486,-2.236589
298341.298,4137699.329,-2.236562
298341.174,4137699.172,-2.236532
298341.051,4137699.015,-2.236501
298340.927,4137698.857,-2.236468
298340.804,4137698.700,-2.236433
298340.680,4137698.543,-2.236397
298340.557,4137698.385,-2.236359
298340.433,4137698.228,-2.236319
298340.310,4137698.071,-2.236277
298340.186,4137697.913,-2.236234
298340.063,4137697.756,-2.236189
298339.939,4137697.599,-2.236142
298339.816,4137697.441,-2.236094
298339.692,4137697.284,-2.236043
298339.569,4137697.127,-2.235999
298339.446,4137696.969,-2.235980
298339.322,4137696.812,-2.235986
298339.199,4137696.655,-2.236016
298339.075,4137696.497,-2.236072
298338.952,4137696.340,-2.236153
298338.828,4137696.183,-2.236259
298338.705,4137696.025,-2.236390
298338.581,4137695.868,-2.236546
298338.458,4137695.711,-2.236728
298338.334,4137695.554,-2.236934
298338.211,4137695.396,-2.237166
298338.087,4137695.239,-2.237422
298337.963,4137695.082,-2.237687
298337.840,4137694.925,-2.237931
298337.716,4137694.768,-2.238157
298337.592,4137694.611,-2.238362
298337.468,4137694.454,-2.238548
298337.344,4137694.297,-2.238714
298337.221,4137694.140,-2.238860
298337.097,4137693.983,-2.238986
298336.973,4137693.826,-2.239093
298336.849,4137693.669,-2.239180
298336.725,4137693.512,-2.239247
298336.601,4137693.355,-2.239295
298336.477,4137693.198,-2.239322
298336.353,4137693.041,-2.239330
298336.229,4137692.884,-2.239319
298336.105,4137692.727,-2.239296
298335.981,4137692.570,-2.239277
298335.857,4137692.413,-2.239261
298335.733,4137692.256,-2.239247
298335.609,4137692.099,-2.239236
298335.485,4137691.942,-2.239229
298335.361,4137691.785,-2.239224
298335.237,4137691.628,-2.239222
298335.113,4137691.471,-2.239223
298334.989,4137691.314,-2.239227
298334.866,4137691.157,-2.239233
298334.742,4137691.001,-2.239243
298334.618,4137690.844,-2.239256
298334.494,4137690.687,-2.239273
298334.370,4137690.530,-2.239298
298334.246,4137690.373,-2.239331
298334.122,4137690.216,-2.239371
298333.998,4137690.059,-2.239419
298333.874,4137689.902,-2.239474
298333.750,4137689.745,-2.239536
298333.626,4137689.588,-2.239606
298333.502,4137689.431,-2.239684
298333.378,4137689.274,-2.239768
298333.254,4137689.117,-2.239861
298333.130,4137688.961,-2.239960
298333.006,4137688.804,-2.240068
298332.882,4137688.647,-2.240182
298332.757,4137688.490,-2.240304
298332.633,4137688.333,-2.240401
298332.509,4137688.176,-2.240444
298332.385,4137688.020,-2.240433
298332.261,4137687.863,-2.240369
298332.137,4137687.706,-2.240252
298332.013,4137687.549,-2.240081
298331.889,4137687.392,-2.239856
298331.765,4137687.235,-2.239578
298331.641,4137687.078,-2.239247
298331.517,4137686.922,-2.238862
298331.393,4137686.764,-2.238424
298331.269,4137686.607,-2.237932
298331.145,4137686.450,-2.237405
298331.022,4137686.293,-2.236913
298330.898,4137686.136,-2.236464
298330.775,4137685.978,-2.236059
298330.651,4137685.821,-2.235697
298330.528,4137685.664,-2.235378
298330.405,4137685.506,-2.235102
298330.281,4137685.349,-2.234870
298330.158,4137685.191,-2.234681
298330.035,4137685.034,-2.234536
298329.912,4137684.876,-2.234433
298329.789,4137684.719,-2.234374
298329.665,4137684.561,-2.234359
298329.542,4137684.404,-2.234386
298329.419,4137684.246,-2.234457
298329.296,4137684.088,-2.234566
298329.173,4137683.931,-2.234695
298329.049,4137683.773,-2.234842
298328.926,4137683.616,-2.235007
298328.803,4137683.459,-2.235190
298328.679,4137683.301,-2.235391
298328.556,4137683.144,-2.235610
298328.433,4137682.986,-2.235848
298328.309,4137682.829,-2.236104
298328.186,4137682.672,-2.236378
298328.062,4137682.514,-2.236670
298327.939,4137682.357,-2.236980
298327.815,4137682.200,-2.237297
298327.691,4137682.043,-2.237589
298327.568,4137681.886,-2.237856
298327.444,4137681.728,-2.238099
298327.320,4137681.571,-2.238316
298327.196,4137681.414,-2.238508
298327.073,4137681.257,-2.238675
298326.949,4137681.100,-2.238817
298326.825,4137680.943,-2.238934
298326.701,4137680.786,-2.239026
298326.577,4137680.629,-2.239093
298326.453,4137680.472,-2.239134
298326.329,4137680.315,-2.239151
298326.205,4137680.158,-2.239142
298326.081,4137680.001,-2.239109
298325.957,4137679.844,-2.239058
298325.833,4137679.688,-2.239010
298325.709,4137679.531,-2.238964
298325.586,4137679.374,-2.238921
298325.462,4137679.217,-2.238880
298325.338,4137679.060,-2.238841
298325.214,4137678.903,-2.238805
298325.090,4137678.746,-2.238772
298324.966,4137678.589,-2.238741
298324.842,4137678.432,-2.238713
298324.718,4137678.275,-2.238687
298324.595,4137678.117,-2.238664
298324.471,4137677.960,-2.238643
298324.347,4137677.803,-2.238624
298324.223,4137677.646,-2.238608
298324.099,4137677.489,-2.238592
298323.975,4137677.332,-2.238578
298323.851,4137677.175,-2.238566
298323.728,4137677.018,-2.238555
298323.604,4137676.861,-2.238545
298323.480,4137676.704,-2.238536
298323.356,4137676.547,-2.238529
298323.232,4137676.390,-2.238524
298323.108,4137676.233,-2.238519
298322.985,4137676.076,-2.238516
298322.861,4137675.919,-2.238515
298322.737,4137675.762,-2.238514
298322.613,4137675.605,-2.238516
298322.489,4137675.448,-2.238518
298322.365,4137675.291,-2.238515
298322.242,4137675.134,-2.238504
298322.118,4137674.977,-2.238487
298321.994,4137674.820,-2.238462
298321.870,4137674.663,-2.238431
298321.746,4137674.506,-2.238391
298321.622,4137674.349,-2.238345
298321.499,4137674.191,-2.238292
298321.375,4137674.034,-2.238231
298321.251,4137673.877,-2.238163
298321.127,4137673.720,-2.238088
298321.004,4137673.563,-2.238006
298320.880,4137673.406,-2.237917
298320.756,4137673.249,-2.237827
298320.632,4137673.092,-2.237740
298320.509,4137672.935,-2.237656
298320.385,4137672.778,-2.237574
298320.261,4137672.620,-2.237494
298320.138,4137672.463,-2.237418
298320.014,4137672.306,-2.237343
298319.890,4137672.149,-2.237272
298319.767,4137671.992,-2.237203
298319.643,4137671.834,-2.237136
298319.519,4137671.677,-2.237073
298319.396,4137671.520,-2.237011
298319.272,4137671.363,-2.236953
298319.149,4137671.205,-2.236897
298319.025,4137671.048,-2.236844
298318.902,4137670.891,-2.236800
298318.778,4137670.734,-2.236770
298318.654,4137670.576,-2.236753
298318.531,4137670.419,-2.236748
298318.407,4137670.262,-2.236757
298318.284,4137670.105,-2.236779
298318.160,4137669.947,-2.236813
298318.037,4137669.790,-2.236861
298317.913,4137669.633,-2.236921
298317.789,4137669.476,-2.236994
298317.666,4137669.319,-2.237081
298317.542,4137669.161,-2.237180
298317.419,4137669.004,-2.237291
298317.295,4137668.847,-2.237391
298317.171,4137668.690,-2.237475
298317.048,4137668.533,-2.237543
298316.924,4137668.375,-2.237595
298316.800,4137668.218,-2.237630
298316.677,4137668.061,-2.237649
298316.553,4137667.904,-2.237651
298316.429,4137667.747,-2.237637
298316.305,4137667.590,-2.237607
298316.182,4137667.433,-2.237560
298316.058,4137667.275,-2.237498
298315.934,4137667.118,-2.237418
298315.811,4137666.961,-2.237323
298315.687,4137666.804,-2.237211
298315.564,4137666.647,-2.237087
298315.440,4137666.489,-2.236993
298315.316,4137666.332,-2.236941
298315.193,4137666.175,-2.236931
298315.069,4137666.018,-2.236962
298314.946,4137665.860,-2.237035
298314.822,4137665.703,-2.237150
298314.698,4137665.546,-2.237306
298314.575,4137665.389,-2.237503
298314.451,4137665.232,-2.237742
298314.327,4137665.075,-2.238023
298314.203,4137664.918,-2.238345
298314.080,4137664.760,-2.238709
298313.956,4137664.603,-2.239091
298313.832,4137664.447,-2.239442
298313.708,4137664.290,-2.239761
298313.584,4137664.133,-2.240048
298313.460,4137663.976,-2.240302
298313.335,4137663.819,-2.240524
298313.211,4137663.662,-2.240713
298313.087,4137663.506,-2.240871
298312.963,4137663.349,-2.240995
298312.839,4137663.192,-2.241088
298312.714,4137663.035,-2.241148
298312.590,4137662.879,-2.241176
298312.466,4137662.722,-2.241171
298312.342,4137662.565,-2.241134
298312.217,4137662.409,-2.241064
298312.093,4137662.252,-2.240967
298311.969,4137662.095,-2.240848
298311.845,4137661.938,-2.240708
298311.721,4137661.782,-2.240548
298311.597,4137661.625,-2.240366
298311.472,4137661.468,-2.240163
298311.348,4137661.311,-2.239940
298311.224,4137661.154,-2.239695
298311.100,4137660.997,-2.239430
298310.976,4137660.840,-2.239144
298310.852,4137660.683,-2.238836
298310.729,4137660.526,-2.238508
298310.605,4137660.369,-2.238185
298310.481,4137660.212,-2.237885
298310.357,4137660.055,-2.237611
298310.234,4137659.898,-2.237360
298310.110,4137659.741,-2.237134
298309.986,4137659.583,-2.236932
298309.863,4137659.426,-2.236754
298309.739,4137659.269,-2.236601
298309.616,4137659.112,-2.236472
298309.492,4137658.954,-2.236368
298309.369,4137658.797,-2.236287
298309.245,4137658.640,-2.236232
298309.122,4137658.482,-2.236200
298308.998,4137658.325,-2.236193
298308.875,4137658.168,-2.236210
298308.751,4137658.010,-2.236245
298308.628,4137657.853,-2.236294
298308.504,4137657.696,-2.236358
298308.381,4137657.538,-2.236436
298308.257,4137657.381,-2.236529
298308.134,4137657.224,-2.236636
298308.010,4137657.067,-2.236757
298307.887,4137656.909,-2.236892
298307.763,4137656.752,-2.237042
298307.640,4137656.595,-2.237206
298307.516,4137656.438,-2.237384
298307.392,4137656.281,-2.237548
298307.269,4137656.123,-2.237683
298307.145,4137655.966,-2.237789
298307.021,4137655.809,-2.237866
298306.897,4137655.652,-2.237914
298306.774,4137655.495,-2.237951
298306.650,4137655.338,-2.237983
298306.526,4137655.181,-2.238009
298306.402,4137655.024,-2.238030
298306.279,4137654.867,-2.238045
298306.155,4137654.709,-2.238056
298306.031,4137654.552,-2.238061
298305.907,4137654.395,-2.238061
298305.784,4137654.238,-2.238055
298305.660,4137654.081,-2.238044
298305.536,4137653.924,-2.238014
298305.412,4137653.767,-2.237957
298305.289,4137653.610,-2.237874
298305.165,4137653.453,-2.237766
298305.041,4137653.295,-2.237632
298304.917,4137653.138,-2.237471
298304.794,4137652.981,-2.237285
298304.670,4137652.824,-2.237073
298304.547,4137652.667,-2.236834
298304.423,4137652.509,-2.236571
298304.300,4137652.352,-2.236321
298304.176,4137652.195,-2.236108
298304.053,4137652.037,-2.235931
298303.929,4137651.880,-2.235792
298303.806,4137651.723,-2.235690
298303.682,4137651.565,-2.235625
298303.559,4137651.408,-2.235596
298303.436,4137651.250,-2.235605
298303.312,4137651.093,-2.235650
298303.189,4137650.936,-2.235733
298303.065,4137650.778,-2.235852
298302.942,4137650.621,-2.236009
298302.819,4137650.464,-2.236202
298302.695,4137650.306,-2.236433
298302.572,4137650.149,-2.236697
298302.448,4137649.992,-2.236878
298302.324,4137649.835,-2.236909
298302.201,4137649.677,-2.236792
298302.077,4137649.520,-2.236525
298301.954,4137649.363,-2.236110
298301.830,4137649.205,-2.235545
298301.707,4137649.048,-2.234832
298301.584,4137648.890,-2.233969
298301.461,4137648.733,-2.232990
298301.338,4137648.575,-2.232058
298301.215,4137648.417,-2.231193
298301.093,4137648.259,-2.230396
298300.970,4137648.101,-2.229666
298300.848,4137647.943,-2.229004
298300.725,4137647.785,-2.228410
298300.603,4137647.626,-2.227883
298300.481,4137647.468,-2.227424
298300.359,4137647.309,-2.227032
298300.237,4137647.151,-2.226708
298300.115,4137646.992,-2.226452
298299.993,4137646.834,-2.226263
298299.871,4137646.675,-2.226142
298299.749,4137646.517,-2.226088
298299.628,4137646.358,-2.226110
298299.506,4137646.200,-2.226241
298299.384,4137646.041,-2.226484
298299.262,4137645.883,-2.226839
298299.140,4137645.724,-2.227306
298299.018,4137645.566,-2.227885
298298.895,4137645.407,-2.228576
298298.773,4137645.249,-2.229379
298298.651,4137645.091,-2.230294
298298.528,4137644.933,-2.231322
298298.405,4137644.775,-2.232461
298298.282,4137644.618,-2.233650
298298.159,4137644.460,-2.234721
298298.036,4137644.303,-2.235662
298297.912,4137644.145,-2.236473
298297.789,4137643.988,-2.237155
298297.665,4137643.831,-2.237707
298297.541,4137643.674,-2.238130
298297.418,4137643.517,-2.238424
298297.294,4137643.360,-2.238588
298297.170,4137643.203,-2.238622
298297.046,4137643.046,-2.238527
298296.922,4137642.888,-2.238303
298296.799,4137642.731,-2.237949
298296.675,4137642.574,-2.237466
298296.551,4137642.417,-2.236853
298296.428,4137642.260,-2.237011
298296.304,4137642.103,-2.239819
298296.179,4137641.946,-2.244253
298296.054,4137641.790,-2.247753
298295.929,4137641.634,-2.250208
298295.803,4137641.479,-2.251619
298295.677,4137641.323,-2.251986
298295.551,4137641.168,-2.251424
298295.426,4137641.013,-2.250775
298295.300,4137640.857,-2.250207
298295.174,4137640.701,-2.249722
298295.049,4137640.546,-2.249319
298294.923,4137640.390,-2.248999
298294.798,4137640.234,-2.248761
298294.672,4137640.078,-2.248605
298294.547,4137639.923,-2.248532
298294.421,4137639.767,-2.248541
298294.296,4137639.611,-2.248603
298294.171,4137639.455,-2.248663
298294.045,4137639.300,-2.248718
298293.920,4137639.144,-2.248770
298293.794,4137638.988,-2.248818
298293.669,4137638.832,-2.248861
298293.543,4137638.677,-2.248901
298293.418,4137638.521,-2.248936
298293.293,4137638.365,-2.248968
298293.167,4137638.209,-2.248995
298293.042,4137638.054,-2.249019
298292.916,4137637.898,-2.249038
298292.791,4137637.742,-2.249054
298292.665,4137637.586,-2.249065
298292.540,4137637.431,-2.249072
298292.414,4137637.275,-2.249076
298292.289,4137637.119,-2.249079
298292.163,4137636.964,-2.249079
298292.038,4137636.808,-2.249077
298291.912,4137636.652,-2.249074
298291.787,4137636.496,-2.249069
298291.661,4137636.341,-2.249061
298291.536,4137636.185,-2.249052
298291.410,4137636.029,-2.249041
298291.285,4137635.873,-2.249028
298291.159,4137635.718,-2.249013
298291.034,4137635.562,-2.248997
298290.908,4137635.406,-2.248978
298290.783,4137635.251,-2.248957
298290.657,4137635.095,-2.248935
298290.532,4137634.939,-2.248913
298290.407,4137634.783,-2.248895
298290.281,4137634.628,-2.248880
298290.156,4137634.472,-2.248868
298290.030,4137634.316,-2.248860
298289.905,4137634.160,-2.248855
298289.779,4137634.005,-2.248854
298289.654,4137633.849,-2.248856
298289.528,4137633.693,-2.248862
298289.403,4137633.537,-2.248871
298289.277,4137633.382,-2.248883
298289.152,4137633.226,-2.248899
298289.027,4137633.070,-2.248919
298288.901,4137632.914,-2.248942
298288.776,4137632.759,-2.248968
298288.650,4137632.603,-2.248994
298288.525,4137632.447,-2.249016
298288.399,4137632.291,-2.249035
298288.274,4137632.136,-2.249050
298288.148,4137631.980,-2.249061
298288.023,4137631.824,-2.249068
298287.897,4137631.668,-2.249072
298287.772,4137631.513,-2.249073
298287.646,4137631.357,-2.249069
298287.521,4137631.201,-2.249062
298287.395,4137631.046,-2.249051
298287.270,4137630.890,-2.249037
298287.144,4137630.734,-2.249019
298287.019,4137630.578,-2.248997
298286.893,4137630.423,-2.248971
298286.768,4137630.267,-2.248946
298286.642,4137630.111,-2.248924
298286.517,4137629.955,-2.248905
298286.392,4137629.800,-2.248889
298286.266,4137629.644,-2.248876
298286.141,4137629.488,-2.248867
298286.015,4137629.332,-2.248860
298285.890,4137629.177,-2.248856
298285.764,4137629.021,-2.248856
298285.639,4137628.865,-2.248858
298285.513,4137628.709,-2.248864
298285.388,4137628.554,-2.248872
298285.263,4137628.398,-2.248884
298285.137,4137628.242,-2.248899
298285.012,4137628.086,-2.248916
298284.886,4137627.931,-2.248935
298284.761,4137627.775,-2.248953
298284.635,4137627.619,-2.248971
298284.510,4137627.463,-2.248988
298284.384,4137627.308,-2.249005
298284.259,4137627.152,-2.249022
298284.133,4137626.996,-2.249038
298284.008,4137626.841,-2.249053
298283.882,4137626.685,-2.249069
298283.757,4137626.529,-2.249084
298283.631,4137626.373,-2.249098
298283.506,4137626.218,-2.249112
298283.380,4137626.062,-2.249126
298283.255,4137625.906,-2.249139
298283.129,4137625.751,-2.249159
298283.004,4137625.595,-2.249378
298282.878,4137625.439,-2.249852
298282.753,4137625.284,-2.250265
298282.627,4137625.128,-2.250533
298282.501,4137624.972,-2.250656
298282.376,4137624.817,-2.250635
298282.250,4137624.661,-2.250469
298282.124,4137624.506,-2.250157
298281.999,4137624.350,-2.249701
298281.873,4137624.195,-2.249100
298281.748,4137624.039,-2.248354
298281.622,4137623.883,-2.247464
298281.497,4137623.727,-2.246428
298281.372,4137623.571,-2.245248
298281.247,4137623.414,-2.243936
298281.123,4137623.258,-2.242688
298280.998,4137623.101,-2.241570
298280.874,4137622.945,-2.240582
298280.750,4137622.788,-2.239724
298280.626,4137622.631,-2.238996
298280.502,4137622.474,-2.238397
298280.378,4137622.317,-2.237928
298280.255,4137622.160,-2.237590
298280.131,4137622.003,-2.237381
298280.007,4137621.845,-2.237301
298279.884,4137621.688,-2.237352
298279.760,4137621.531,-2.237533
298279.636,4137621.374,-2.237843
298279.513,4137621.217,-2.238283
298279.389,4137621.060,-2.238838
298279.265,4137620.903,-2.239312
298279.141,4137620.746,-2.239644
298279.017,4137620.589,-2.239836
298278.893,4137620.432,-2.239886
298278.769,4137620.275,-2.239795
298278.645,4137620.118,-2.239563
298278.521,4137619.961,-2.239189
298278.397,4137619.804,-2.238675
298278.273,4137619.647,-2.238128
298278.149,4137619.490,-2.237629
298278.026,4137619.333,-2.237179
298277.902,4137619.176,-2.236777
298277.779,4137619.019,-2.236424
298277.655,4137618.861,-2.236119
298277.532,4137618.704,-2.235863
298277.408,4137618.546,-2.235655
298277.285,4137618.389,-2.235496
298277.161,4137618.232,-2.235385
298277.038,4137618.074,-2.235323
298276.915,4137617.917,-2.235309
298276.791,4137617.759,-2.235344
298276.668,4137617.602,-2.235427
298276.545,4137617.445,-2.235558
298276.421,4137617.287,-2.235708
298276.298,4137617.130,-2.235854
298276.175,4137616.972,-2.235995
298276.051,4137616.815,-2.236131
298275.928,4137616.658,-2.236263
298275.804,4137616.500,-2.236387
298275.681,4137616.343,-2.236491
298275.557,4137616.186,-2.236574
298275.434,4137616.029,-2.236637
298275.310,4137615.871,-2.236679
298275.187,4137615.714,-2.236699
298275.063,4137615.557,-2.236699
298274.939,4137615.399,-2.236678
298274.816,4137615.242,-2.236636
298274.692,4137615.085,-2.236573
298274.569,4137614.928,-2.236489
298274.445,4137614.770,-2.236384
298274.322,4137614.613,-2.236259
298274.198,4137614.456,-2.236112
298274.075,4137614.298,-2.235944
298273.951,4137614.141,-2.235784
298273.828,4137613.984,-2.235745
298273.705,4137613.826,-2.235839
298273.581,4137613.669,-2.236066
298273.458,4137613.512,-2.236426
298273.334,4137613.354,-2.236920
298273.211,4137613.197,-2.237508
298273.087,4137613.040,-2.238051
298272.963,4137612.883,-2.238537
298272.839,4137612.726,-2.238966
298272.715,4137612.569,-2.239338
298272.591,4137612.412,-2.239653
298272.467,4137612.255,-2.239911
298272.343,4137612.098,-2.240113
298272.219,4137611.941,-2.240257
298272.095,4137611.785,-2.240344
298271.971,4137611.628,-2.240375
298271.847,4137611.471,-2.240348
298271.723,4137611.314,-2.240265
298271.599,4137611.157,-2.240124
298271.474,4137611.000,-2.239927
298271.350,4137610.844,-2.239686
298271.226,4137610.687,-2.239453
298271.102,4137610.530,-2.239232
298270.979,4137610.373,-2.239022
298270.855,4137610.216,-2.238825
298270.731,4137610.059,-2.238639
298270.607,4137609.902,-2.238464
298270.483,4137609.745,-2.238296
298270.359,4137609.588,-2.238137
298270.236,4137609.431,-2.237985
298270.112,4137609.273,-2.237841
298269.988,4137609.116,-2.237705
298269.864,4137608.959,-2.237577
298269.741,4137608.802,-2.237456
298269.617,4137608.645,-2.237344
298269.493,4137608.488,-2.237239
298269.370,4137608.330,-2.237142
298269.246,4137608.173,-2.237053
298269.123,4137608.016,-2.236972
298268.999,4137607.859,-2.236898
298268.875,4137607.701,-2.236833
298268.752,4137607.544,-2.236804
298268.628,4137607.387,-2.236861
298268.505,4137607.230,-2.237006
298268.381,4137607.073,-2.237239
298268.257,4137606.915,-2.237559
298268.134,4137606.758,-2.237937
298268.010,4137606.601,-2.238311
298267.886,4137606.444,-2.238679
298267.762,4137606.287,-2.239041
298267.638,4137606.130,-2.239397
298267.514,4137605.973,-2.239747
298267.390,4137605.816,-2.240092
298267.266,4137605.660,-2.240430
298267.142,4137605.503,-2.240762
298267.018,4137605.346,-2.241089
298266.893,4137605.189,-2.241409
298266.769,4137605.033,-2.241723
298266.645,4137604.876,-2.242032
298266.520,4137604.719,-2.242334
298266.396,4137604.563,-2.242631
298266.271,4137604.406,-2.242696
298266.147,4137604.250,-2.242086
298266.023,4137604.093,-2.240791
298265.899,4137603.936,-2.238848
298265.775,4137603.779,-2.236905
298265.651,4137603.622,-2.235199
298265.528,4137603.464,-2.233729
298265.405,4137603.307,-2.232496
298265.283,4137603.149,-2.231499
298265.160,4137602.991,-2.230738
298265.037,4137602.833,-2.230215
298264.915,4137602.675,-2.229927
298264.792,4137602.517,-2.229876
298264.670,4137602.358,-2.230062
298264.547,4137602.200,-2.230484
298264.425,4137602.042,-2.231142
298264.302,4137601.884,-2.232037
298264.179,4137601.727,-2.233168
298264.056,4137601.569,-2.233721
298263.933,4137601.411,-2.225871
298263.812,4137601.252,-2.216392
298263.693,4137601.092,-2.208004
298263.574,4137600.930,-2.200711
298263.457,4137600.768,-2.194513
298263.341,4137600.606,-2.189410
298263.225,4137600.443,-2.185403
298263.110,4137600.279,-2.182490
298262.995,4137600.115,-2.180670
298262.881,4137599.951,-2.179944
298262.766,4137599.787,-2.180309
298262.652,4137599.623,-2.181767
298262.537,4137599.460,-2.184315
298262.421,4137599.296,-2.187956
298262.305,4137599.133,-2.192688
298262.188,4137598.971,-2.197842
298262.071,4137598.809,-2.196630
298261.954,4137598.647,-2.187271
298261.840,4137598.483,-2.170133
298261.729,4137598.316,-2.152284
298261.620,4137598.148,-2.136351
298261.514,4137597.979,-2.122347
298261.411,4137597.808,-2.110276
298261.309,4137597.636,-2.100137
298261.209,4137597.463,-2.091926
298261.110,4137597.289,-2.085636
298261.012,4137597.115,-2.081261
298260.914,4137596.940,-2.078797
298260.817,4137596.765,-2.078237
298260.720,4137596.591,-2.079582
298260.622,4137596.416,-2.082831
298260.523,4137596.242,-2.087985
298260.424,4137596.068,-2.095049
298260.323,4137595.896,-2.103759
298260.221,4137595.724,-2.109148
298260.118,4137595.552,-2.109340
298260.016,4137595.380,-2.104323
298259.915,4137595.208,-2.094083
298259.817,4137595.034,-2.078842
298259.721,4137594.858,-2.063399
298259.627,4137594.681,-2.049663
298259.536,4137594.503,-2.037638
298259.447,4137594.324,-2.027327
298259.360,4137594.144,-2.018726
298259.274,4137593.964,-2.011830
298259.189,4137593.783,-2.006636
298259.105,4137593.601,-2.003138
298259.021,4137593.419,-2.001333
298258.938,4137593.238,-2.001218
298258.854,4137593.056,-2.002792
298258.770,4137592.874,-2.006058
298258.686,4137592.693,-2.011017
298258.600,4137592.513,-2.017673
298258.513,4137592.333,-2.024513
298258.426,4137592.153,-2.013686
298258.342,4137591.971,-1.996601
298258.260,4137591.788,-1.981386
298258.182,4137591.604,-1.968052
298258.105,4137591.420,-1.956604
298258.031,4137591.234,-1.947042
298257.958,4137591.048,-1.939364
298257.887,4137590.861,-1.933563
298257.816,4137590.674,-1.929636
298257.746,4137590.486,-1.927578
298257.677,4137590.299,-1.927386
298257.607,4137590.112,-1.929060
298257.536,4137589.924,-1.932601
298257.465,4137589.738,-1.938012
298257.392,4137589.551,-1.945295
298257.318,4137589.365,-1.953426
298257.244,4137589.180,-1.944980
298257.173,4137588.993,-1.925359
298257.105,4137588.805,-1.907753
298257.041,4137588.615,-1.892195
298256.979,4137588.425,-1.878695
298256.919,4137588.234,-1.867256
298256.862,4137588.043,-1.857874
298256.806,4137587.851,-1.850543
298256.751,4137587.658,-1.845256
298256.697,4137587.466,-1.842007
298256.644,4137587.273,-1.840791
298256.591,4137587.080,-1.841605
298256.537,4137586.888,-1.844449
298256.482,4137586.695,-1.849324
298256.427,4137586.503,-1.856234
298256.370,4137586.311,-1.865184
298256.311,4137586.120,-1.872289
298256.251,4137585.929,-1.872933
298256.192,4137585.738,-1.867092
298256.135,4137585.547,-1.854743
298256.080,4137585.354,-1.837578
298256.029,4137585.161,-1.821645
298255.981,4137584.967,-1.807485
298255.935,4137584.772,-1.795106
298255.892,4137584.577,-1.784508
298255.850,4137584.381,-1.775688
298255.810,4137584.185,-1.768641
298255.772,4137583.989,-1.763361
298255.734,4137583.793,-1.759842
298255.696,4137583.596,-1.758081
298255.659,4137583.400,-1.758075
298255.622,4137583.203,-1.759822
298255.584,4137583.007,-1.763323
298255.545,4137582.811,-1.768581
298255.505,4137582.615,-1.775600
298255.464,4137582.419,-1.783093
298255.421,4137582.224,-1.786262
298255.379,4137582.028,-1.784647
298255.337,4137581.833,-1.778239
298255.297,4137581.637,-1.767027
298255.259,4137581.440,-1.753316
298255.224,4137581.244,-1.741014
298255.191,4137581.046,-1.730190
298255.160,4137580.849,-1.720847
298255.131,4137580.651,-1.712983
298255.103,4137580.453,-1.706596
298255.077,4137580.255,-1.701683
298255.051,4137580.056,-1.698241
298255.026,4137579.858,-1.696267
298255.001,4137579.659,-1.695760
298254.976,4137579.461,-1.696718
298254.951,4137579.263,-1.699141
298254.925,4137579.064,-1.703031
298254.898,4137578.866,-1.708390
298254.870,4137578.668,-1.715219
298254.841,4137578.470,-1.716644
298254.813,4137578.272,-1.703951
298254.788,4137578.074,-1.684799
298254.767,4137577.875,-1.667613
298254.749,4137577.676,-1.652415
298254.734,4137577.476,-1.639213
298254.722,4137577.277,-1.628009
298254.711,4137577.077,-1.618800
298254.702,4137576.877,-1.611580
298254.695,4137576.677,-1.606343
298254.688,4137576.477,-1.603081
298254.682,4137576.278,-1.601790
298254.675,4137576.078,-1.602468
298254.669,4137575.878,-1.605113
298254.662,4137575.678,-1.609727
298254.653,4137575.478,-1.616313
298254.643,4137575.278,-1.624876
298254.632,4137575.079,-1.632020
298254.619,4137574.879,-1.633971
298254.607,4137574.679,-1.630714
298254.596,4137574.480,-1.622236
298254.587,4137574.280,-1.608520
298254.581,4137574.080,-1.592523
298254.578,4137573.880,-1.578202
298254.578,4137573.680,-1.565585
298254.580,4137573.480,-1.554675
298254.584,4137573.280,-1.545471
298254.590,4137573.080,-1.537970
298254.597,4137572.880,-1.532167
298254.605,4137572.681,-1.528057
298254.614,4137572.481,-1.525636
298254.623,4137572.281,-1.524901
298254.632,4137572.081,-1.525849
298254.641,4137571.881,-1.528480
298254.649,4137571.682,-1.532796
298254.656,4137571.482,-1.538798
298254.662,4137571.282,-1.546489
298254.666,4137571.082,-1.552281
298254.669,4137570.882,-1.551315
298254.674,4137570.682,-1.543546
298254.681,4137570.482,-1.528950
298254.691,4137570.282,-1.510760
298254.705,4137570.083,-1.494367
298254.721,4137569.884,-1.479865
298254.741,4137569.685,-1.467259
298254.763,4137569.486,-1.456550
298254.786,4137569.287,-1.447733
298254.812,4137569.089,-1.440802
298254.838,4137568.891,-1.435751
298254.865,4137568.692,-1.432573
298254.893,4137568.494,-1.431264
298254.921,4137568.296,-1.431821
298254.948,4137568.098,-1.434244
298254.975,4137567.900,-1.438535
298255.001,4137567.702,-1.444698
298255.025,4137567.503,-1.452736
298255.048,4137567.305,-1.458851
298255.071,4137567.106,-1.457258
298255.094,4137566.907,-1.447873
298255.120,4137566.709,-1.431984
298255.149,4137566.511,-1.416715
298255.181,4137566.314,-1.403148
298255.216,4137566.117,-1.391292
298255.253,4137565.920,-1.381148
298255.291,4137565.724,-1.372714
298255.331,4137565.528,-1.365988
298255.372,4137565.332,-1.360963
298255.414,4137565.137,-1.357637
298255.457,4137564.941,-1.356004
298255.500,4137564.746,-1.356062
298255.542,4137564.550,-1.357810
298255.584,4137564.355,-1.361249
298255.625,4137564.159,-1.366379
298255.665,4137563.963,-1.373202
298255.704,4137563.767,-1.380924
298255.741,4137563.570,-1.385027
298255.778,4137563.374,-1.384800
298255.815,4137563.177,-1.380233
298255.854,4137562.981,-1.371314
298255.895,4137562.785,-1.358027
298255.939,4137562.590,-1.341711
298255.985,4137562.396,-1.326764
298256.035,4137562.202,-1.313539
298256.087,4137562.009,-1.302041
298256.141,4137561.817,-1.292267
298256.197,4137561.624,-1.284216
298256.254,4137561.433,-1.277882
298256.312,4137561.242,-1.273259
298256.371,4137561.050,-1.270344
298256.431,4137560.859,-1.269132
298256.490,4137560.668,-1.269620
298256.549,4137560.477,-1.271809
298256.608,4137560.286,-1.275700
298256.665,4137560.095,-1.281294
298256.722,4137559.903,-1.288595
298256.777,4137559.711,-1.295252
298256.831,4137559.518,-1.294174
298256.886,4137559.326,-1.284858
298256.944,4137559.134,-1.267765
298257.006,4137558.944,-1.250162
298257.070,4137558.755,-1.234478
298257.138,4137558.567,-1.220725
298257.207,4137558.379,-1.208907
298257.279,4137558.192,-1.199022
298257.353,4137558.006,-1.191065
298257.427,4137557.821,-1.185029
298257.503,4137557.636,-1.180909
298257.579,4137557.451,-1.178697
298257.656,4137557.266,-1.178392
298257.732,4137557.081,-1.179991
298257.808,4137556.896,-1.183495
298257.883,4137556.711,-1.188906
298257.957,4137556.525,-1.196228
298258.029,4137556.339,-1.204966
298258.100,4137556.152,-1.208260
298258.172,4137555.965,-1.203917
298258.244,4137555.778,-1.191910
298258.320,4137555.593,-1.174172
298258.399,4137555.410,-1.157648
298258.480,4137555.227,-1.142965
298258.565,4137555.046,-1.130128
298258.651,4137554.865,-1.119139
298258.739,4137554.686,-1.109996
298258.829,4137554.507,-1.102693
298258.919,4137554.329,-1.097224
298259.011,4137554.151,-1.093583
298259.103,4137553.973,-1.091765
298259.195,4137553.796,-1.091767
298259.287,4137553.618,-1.093589
298259.379,4137553.440,-1.097231
298259.470,4137553.262,-1.102696
298259.559,4137553.083,-1.109988
298259.647,4137552.904,-1.117632
298259.735,4137552.724,-1.120154
298259.822,4137552.544,-1.117031
298259.910,4137552.365,-1.108247
298260.001,4137552.186,-1.094282
298260.094,4137552.009,-1.080410
298260.189,4137551.833,-1.068074
298260.286,4137551.659,-1.057278
298260.385,4137551.485,-1.048023
298260.486,4137551.312,-1.040309
298260.588,4137551.140,-1.034131
298260.690,4137550.968,-1.029488
298260.794,4137550.797,-1.026374
298260.897,4137550.626,-1.024788
298261.001,4137550.455,-1.024727
298261.105,4137550.284,-1.026191
298261.208,4137550.113,-1.029179
298261.311,4137549.941,-1.033692
298261.413,4137549.769,-1.039732
298261.514,4137549.596,-1.046861
298261.613,4137549.423,-1.050016
298261.713,4137549.250,-1.047747
298261.813,4137549.077,-1.040043
298261.916,4137548.905,-1.026884
298262.021,4137548.735,-1.010371
298262.128,4137548.566,-0.995394
298262.238,4137548.399,-0.982158
298262.350,4137548.233,-0.970668
298262.464,4137548.069,-0.960923
298262.579,4137547.905,-0.952921
298262.696,4137547.743,-0.946657
298262.813,4137547.581,-0.942125
298262.931,4137547.419,-0.939321
298263.049,4137547.258,-0.938242
298263.167,4137547.097,-0.938885
298263.285,4137546.935,-0.941250
298263.403,4137546.773,-0.945340
298263.519,4137546.611,-0.951156
298263.635,4137546.448,-0.958702
298263.749,4137546.283,-0.963598
298263.864,4137546.119,-0.957731
298263.980,4137545.957,-0.941555
298264.099,4137545.796,-0.924302
298264.221,4137545.637,-0.908940
298264.345,4137545.480,-0.895479
298264.471,4137545.325,-0.883923
298264.598,4137545.171,-0.874271
298264.727,4137545.018,-0.866518
298264.857,4137544.866,-0.860659
298264.988,4137544.715,-0.856687
298265.119,4137544.564,-0.854597
298265.250,4137544.413,-0.854388
298265.382,4137544.262,-0.856057
298265.512,4137544.111,-0.859607
298265.642,4137543.959,-0.865039
298265.772,4137543.806,-0.872359
298265.900,4137543.653,-0.880284
298266.027,4137543.499,-0.877171
298266.156,4137543.346,-0.861274
298266.288,4137543.195,-0.844113
298266.422,4137543.047,-0.828829
298266.558,4137542.900,-0.815432
298266.696,4137542.755,-0.803926
298266.835,4137542.612,-0.794310
298266.976,4137542.470,-0.786580
298267.118,4137542.329,-0.780730
298267.260,4137542.188,-0.776755
298267.403,4137542.048,-0.774650
298267.546,4137541.909,-0.774411
298267.689,4137541.769,-0.776039
298267.831,4137541.628,-0.779535
298267.973,4137541.487,-0.784899
298268.114,4137541.345,-0.792138
298268.254,4137541.203,-0.800444
298268.393,4137541.059,-0.802596
298268.532,4137540.915,-0.796872
298268.673,4137540.773,-0.783771
298268.815,4137540.633,-0.770061
298268.960,4137540.495,-0.757844
298269.106,4137540.358,-0.747126
298269.253,4137540.223,-0.737908
298269.402,4137540.089,-0.730189
298269.551,4137539.956,-0.723966
298269.701,4137539.824,-0.719237
298269.852,4137539.692,-0.715999
298270.003,4137539.561,-0.714248
298270.154,4137539.430,-0.713983
298270.305,4137539.299,-0.715204
298270.456,4137539.168,-0.717911
298270.607,4137539.036,-0.722106
298270.756,4137538.903,-0.727792
298270.905,4137538.770,-0.734236
298271.053,4137538.636,-0.734569
298271.202,4137538.502,-0.727098
298271.353,4137538.370,-0.714774
298271.504,4137538.240,-0.702891
298271.658,4137538.111,-0.691558
298271.812,4137537.985,-0.680775
298271.968,4137537.860,-0.670543
298272.126,4137537.736,-0.660860
298272.284,4137537.614,-0.651726
298272.444,4137537.494,-0.643139
298272.604,4137537.374,-0.635097
298272.766,4137537.256,-0.627598
298272.928,4137537.139,-0.620639
298273.091,4137537.024,-0.614219
298273.255,4137536.909,-0.608335
298273.419,4137536.795,-0.602986
298273.584,4137536.682,-0.598169
298273.750,4137536.570,-0.593879
298273.916,4137536.458,-0.590085
298274.082,4137536.347,-0.586780
298274.249,4137536.237,-0.583968
298274.416,4137536.127,-0.581647
298274.583,4137536.017,-0.579820
298274.750,4137535.907,-0.578487
298274.918,4137535.798,-0.577648
298275.085,4137535.689,-0.577303
298275.253,4137535.580,-0.577453
298275.421,4137535.471,-0.578097
298275.588,4137535.361,-0.579235
298275.755,4137535.252,-0.580868
298275.922,4137535.142,-0.582995
298276.089,4137535.031,-0.585615
298276.256,4137534.921,-0.586750
298276.423,4137534.811,-0.577080
298276.591,4137534.703,-0.559623
298276.762,4137534.598,-0.543648
298276.933,4137534.496,-0.529494
298277.107,4137534.396,-0.517169
298277.281,4137534.298,-0.506675
298277.456,4137534.202,-0.498010
298277.632,4137534.107,-0.491169
298277.809,4137534.013,-0.486147
298277.986,4137533.920,-0.482941
298278.163,4137533.827,-0.481546
298278.340,4137533.735,-0.481960
298278.518,4137533.642,-0.484184
298278.694,4137533.548,-0.488218
298278.871,4137533.454,-0.494067
298279.046,4137533.358,-0.501734
298279.221,4137533.262,-0.506062
298279.397,4137533.165,-0.498372
298279.573,4137533.071,-0.482665
298279.751,4137532.980,-0.468255
298279.930,4137532.890,-0.455497
298280.110,4137532.804,-0.444397
298280.291,4137532.718,-0.434956
298280.473,4137532.635,-0.427172
298280.655,4137532.553,-0.421042
298280.838,4137532.471,-0.416561
298281.021,4137532.391,-0.413726
298281.204,4137532.310,-0.412534
298281.387,4137532.230,-0.412985
298281.570,4137532.150,-0.415077
298281.753,4137532.069,-0.418812
298281.936,4137531.987,-0.424192
298282.118,4137531.904,-0.431220
298282.299,4137531.820,-0.435899
298282.480,4137531.736,-0.431119
298282.663,4137531.653,-0.417317
298282.846,4137531.574,-0.402556
298283.031,4137531.497,-0.389384
298283.216,4137531.422,-0.377809
298283.402,4137531.349,-0.367833
298283.589,4137531.278,-0.359454
298283.777,4137531.208,-0.352670
298283.965,4137531.140,-0.347478
298284.153,4137531.072,-0.343872
298284.341,4137531.005,-0.341851
298284.530,4137530.938,-0.341413
298284.718,4137530.871,-0.342556
298284.906,4137530.803,-0.345283
298285.094,4137530.735,-0.349594
298285.282,4137530.666,-0.355493
298285.469,4137530.596,-0.360741
298285.657,4137530.526,-0.347948
298285.845,4137530.460,-0.332179
298286.035,4137530.396,-0.318161
298286.225,4137530.334,-0.305903
298286.416,4137530.275,-0.295410
298286.608,4137530.218,-0.286680
298286.800,4137530.162,-0.279712
298286.992,4137530.107,-0.274501
298287.185,4137530.053,-0.271043
298287.378,4137530.000,-0.269335
298287.570,4137529.947,-0.269375
298287.763,4137529.893,-0.271162
298287.956,4137529.840,-0.274696
298288.148,4137529.785,-0.279980
298288.340,4137529.729,-0.287016
298288.532,4137529.672,-0.294568
298288.723,4137529.613,-0.293779
298288.915,4137529.556,-0.282886
298289.107,4137529.502,-0.264686
298289.301,4137529.452,-0.247796
298289.495,4137529.404,-0.232826
298289.690,4137529.359,-0.219785
298289.885,4137529.317,-0.208675
298290.081,4137529.276,-0.199492
298290.277,4137529.237,-0.192231
298290.474,4137529.200,-0.186886
298290.670,4137529.163,-0.183452
298290.867,4137529.127,-0.181922
298291.064,4137529.090,-0.182296
298291.260,4137529.054,-0.184572
298291.457,4137529.017,-0.188752
298291.653,4137528.979,-0.194839
298291.849,4137528.939,-0.202839
298292.045,4137528.898,-0.209221
298292.241,4137528.857,-0.205199
298292.437,4137528.817,-0.190512
298292.633,4137528.781,-0.173275
298292.831,4137528.748,-0.157855
298293.028,4137528.718,-0.144264
298293.226,4137528.691,-0.132508
298293.425,4137528.665,-0.122585
298293.623,4137528.642,-0.114493
298293.822,4137528.620,-0.108225
298294.021,4137528.598,-0.103777
298294.220,4137528.578,-0.101142
298294.419,4137528.558,-0.100319
298294.618,4137528.538,-0.101305
298294.817,4137528.517,-0.104099
298295.016,4137528.496,-0.108705
298295.214,4137528.474,-0.115124
298295.413,4137528.450,-0.123266
298295.611,4137528.425,-0.128436
298295.810,4137528.399,-0.128025
298296.008,4137528.374,-0.122024
298296.207,4137528.351,-0.110416
298296.406,4137528.330,-0.095887
298296.605,4137528.312,-0.082834
298296.804,4137528.297,-0.071326
298297.004,4137528.284,-0.061365
298297.203,4137528.272,-0.052951
298297.403,4137528.263,-0.046082
298297.603,4137528.254,-0.040755
298297.803,4137528.246,-0.036965
298298.003,4137528.239,-0.034710
298298.203,4137528.232,-0.033987
298298.402,4137528.225,-0.034795
298298.602,4137528.218,-0.037135
298298.802,4137528.210,-0.041007
298299.002,4137528.202,-0.046413
298299.202,4137528.192,-0.053356
298299.401,4137528.181,-0.057063
298299.601,4137528.170,-0.051256
298299.801,4137528.161,-0.036372
298300.001,4137528.155,-0.020435
298300.201,4137528.152,-0.006281
298300.401,4137528.152,0.006083
298300.601,4137528.155,0.016653
298300.801,4137528.159,0.025431
298301.001,4137528.165,0.032420
298301.200,4137528.172,0.037625
298301.400,4137528.180,0.041051
298301.600,4137528.188,0.042700
298301.800,4137528.197,0.042576
298302.000,4137528.205,0.040679
298302.200,4137528.213,0.037007
298302.399,4137528.220,0.031559
298302.599,4137528.225,0.024331
298302.799,4137528.229,0.016901
298302.999,4137528.233,0.025268
298303.199,4137528.240,0.045555
298303.399,4137528.251,0.064000
298303.598,4137528.266,0.080352
298303.798,4137528.283,0.094601
298303.996,4137528.303,0.106744
298304.195,4137528.326,0.116784
298304.394,4137528.350,0.124727
298304.592,4137528.375,0.130582
298304.790,4137528.402,0.134357
298304.989,4137528.429,0.136055
298305.187,4137528.456,0.135682
298305.385,4137528.483,0.133237
298305.583,4137528.509,0.128717
298305.782,4137528.534,0.122118
298305.980,4137528.558,0.113435
298306.179,4137528.579,0.106672
298306.378,4137528.601,0.107897
298306.577,4137528.623,0.117191
298306.775,4137528.648,0.131894
298306.973,4137528.675,0.145357
298307.171,4137528.706,0.157259
298307.368,4137528.738,0.167597
298307.565,4137528.772,0.176368
298307.762,4137528.808,0.183575
298307.958,4137528.845,0.189220
298308.155,4137528.883,0.193307
298308.351,4137528.922,0.195839
298308.547,4137528.961,0.196820
298308.743,4137529.000,0.196250
298308.939,4137529.039,0.194130
298309.136,4137529.077,0.190461
298309.332,4137529.114,0.185241
298309.529,4137529.151,0.178470
298309.726,4137529.185,0.171612
298309.923,4137529.219,0.168437
298310.120,4137529.253,0.169138
298310.317,4137529.287,0.173722
298310.514,4137529.322,0.182200
298310.710,4137529.360,0.194587
298310.906,4137529.400,0.210368
298311.102,4137529.443,0.225354
298311.296,4137529.489,0.238625
298311.490,4137529.537,0.250177
298311.684,4137529.588,0.260009
298311.877,4137529.640,0.268124
298312.070,4137529.694,0.274526
298312.262,4137529.748,0.279219
298312.454,4137529.804,0.282210
298312.646,4137529.860,0.283501
298312.838,4137529.916,0.283096
298313.030,4137529.971,0.280996
298313.222,4137530.026,0.277199
298313.415,4137530.081,0.271705
298313.608,4137530.134,0.264512
298313.801,4137530.185,0.256552
298313.995,4137530.236,0.255218
298314.188,4137530.287,0.262114
298314.381,4137530.340,0.277277
298314.572,4137530.397,0.298727
298314.763,4137530.457,0.318685
298314.952,4137530.522,0.336356
298315.141,4137530.589,0.351728
298315.328,4137530.659,0.364801
298315.514,4137530.732,0.375579
298315.700,4137530.806,0.384075
298315.885,4137530.882,0.390297
298316.070,4137530.958,0.394257
298316.255,4137531.035,0.395962
298316.439,4137531.112,0.395415
298316.624,4137531.189,0.392617
298316.809,4137531.265,0.387563
298316.994,4137531.340,0.380248
298317.180,4137531.413,0.370661
298317.367,4137531.485,0.363462
298317.554,4137531.557,0.372181
298317.739,4137531.631,0.388307
298317.924,4137531.708,0.402740
298318.107,4137531.788,0.415469
298318.290,4137531.869,0.426488
298318.471,4137531.953,0.435797
298318.652,4137532.038,0.443398
298318.833,4137532.124,0.449295
298319.013,4137532.212,0.453491
298319.192,4137532.300,0.455991
298319.372,4137532.388,0.456798
298319.551,4137532.476,0.455912
298319.731,4137532.564,0.453335
298319.911,4137532.651,0.449065
298320.091,4137532.737,0.443101
298320.272,4137532.822,0.435441
298320.454,4137532.906,0.429717
298320.636,4137532.989,0.429691
298320.818,4137533.073,0.435373
298320.998,4137533.158,0.446782
298321.178,4137533.246,0.463240
298321.356,4137533.337,0.479169
298321.533,4137533.430,0.493342
298321.709,4137533.526,0.505751
298321.883,4137533.624,0.516398
298322.056,4137533.724,0.525284
298322.229,4137533.825,0.532414
298322.401,4137533.927,0.537794
298322.573,4137534.029,0.541429
298322.744,4137534.133,0.543324
298322.915,4137534.236,0.543480
298323.086,4137534.339,0.541897
298323.258,4137534.442,0.538575
298323.430,4137534.544,0.533510
298323.602,4137534.646,0.526698
298323.776,4137534.745,0.520980
298323.949,4137534.846,0.531172
298324.120,4137534.948,0.544555
298324.291,4137535.053,0.556449
298324.460,4137535.159,0.566848
298324.628,4137535.268,0.575750
298324.796,4137535.377,0.583154
298324.962,4137535.488,0.589062
298325.128,4137535.599,0.593478
298325.294,4137535.711,0.596402
298325.459,4137535.824,0.597839
298325.625,4137535.936,0.597788
298325.790,4137536.049,0.596250
298325.956,4137536.161,0.593225
298326.122,4137536.272,0.588712
298326.288,4137536.383,0.582709
298326.456,4137536.492,0.576587
298326.623,4137536.602,0.582164
298326.789,4137536.713,0.600221
298326.953,4137536.828,0.618448
298327.115,4137536.945,0.634690
298327.275,4137537.065,0.648934
298327.434,4137537.186,0.661175
298327.591,4137537.310,0.671414
298327.747,4137537.435,0.679656
298327.902,4137537.561,0.685908
298328.057,4137537.688,0.690176
298328.211,4137537.816,0.692467
298328.365,4137537.944,0.692783
298328.519,4137538.071,0.691127
298328.673,4137538.198,0.687498
298328.828,4137538.325,0.681893
298328.984,4137538.450,0.674308
298329.140,4137538.575,0.665583
298329.298,4137538.698,0.661351
298329.456,4137538.821,0.662662
298329.613,4137538.944,0.669530
298329.769,4137539.069,0.681972
298329.923,4137539.196,0.697717
298330.076,4137539.326,0.711985
298330.226,4137539.458,0.724615
298330.375,4137539.591,0.735604
298330.523,4137539.726,0.744952
298330.669,4137539.862,0.752662
298330.815,4137539.999,0.758738
298330.960,4137540.137,0.763186
298331.104,4137540.276,0.766009
298331.248,4137540.414,0.767211
298331.392,4137540.553,0.766792
298331.536,4137540.692,0.764754
298331.681,4137540.830,0.761094
298331.826,4137540.968,0.755811
298331.972,4137541.104,0.748901
298332.119,4137541.240,0.744900
298332.266,4137541.376,0.751353
298332.411,4137541.514,0.767011
298332.554,4137541.654,0.782630
298332.694,4137541.796,0.796494
298332.833,4137541.939,0.808596
298332.971,4137542.085,0.818934
298333.107,4137542.231,0.827509
298333.241,4137542.379,0.834326
298333.375,4137542.528,0.839389
298333.509,4137542.677,0.842703
298333.642,4137542.826,0.844270
298333.774,4137542.976,0.844093
298333.907,4137543.125,0.842173
298334.041,4137543.274,0.838507
298334.175,4137543.422,0.833094
298334.310,4137543.570,0.825929
298334.446,4137543.716,0.818944
298334.583,4137543.863,0.821691
298334.718,4137544.010,0.834591
298334.851,4137544.159,0.848460
298334.982,4137544.310,0.860869
298335.112,4137544.462,0.871814
298335.240,4137544.616,0.881292
298335.366,4137544.771,0.889306
298335.492,4137544.927,0.895857
298335.616,4137545.083,0.900947
298335.740,4137545.240,0.904581
298335.864,4137545.397,0.906761
298335.987,4137545.555,0.907487
298336.110,4137545.713,0.906762
298336.233,4137545.870,0.904583
298336.357,4137546.027,0.900950
298336.482,4137546.183,0.895859
298336.607,4137546.339,0.890488
298336.733,4137546.495,0.892171
298336.858,4137546.651,0.895199
298336.983,4137546.807,0.897937
298337.108,4137546.963,0.900385
298337.232,4137547.120,0.902542
298337.356,4137547.277,0.904408
298337.479,4137547.435,0.905985
298337.602,4137547.592,0.907271
298337.725,4137547.750,0.908267
298337.848,4137547.907,0.908973
298337.971,4137548.065,0.909388
298338.094,4137548.223,0.909514
298338.217,4137548.381,0.909349
298338.340,4137548.539,0.908895
298338.463,4137548.696,0.908150
298338.586,4137548.854,0.907162
298338.709,4137549.011,0.906347
298338.832,4137549.169,0.905802
298338.956,4137549.326,0.905525
298339.079,4137549.484,0.905517
298339.203,4137549.641,0.905628
298339.326,4137549.798,0.905742
298339.450,4137549.956,0.905860
298339.573,4137550.113,0.905980
298339.696,4137550.270,0.906103
298339.820,4137550.428,0.906229
298339.943,4137550.585,0.906358
298340.066,4137550.743,0.906491
298340.190,4137550.900,0.906626
298340.313,4137551.058,0.906765
298340.436,4137551.215,0.906906
298340.559,4137551.373,0.907050
298340.683,4137551.530,0.907198
298340.806,4137551.688,0.907349
298340.929,4137551.845,0.907502
298341.052,4137552.003,0.907597
298341.175,4137552.161,0.907594
298341.298,4137552.318,0.907493
298341.421,4137552.476,0.907294
298341.545,4137552.633,0.906996
298341.668,4137552.791,0.906600
298341.791,4137552.948,0.906105
298341.915,4137553.106,0.905513
298342.038,4137553.263,0.904823
298342.162,4137553.420,0.904134
298342.285,4137553.577,0.903503
298342.409,4137553.734,0.902928
298342.533,4137553.891,0.902410
298342.657,4137554.048,0.901950
298342.781,4137554.205,0.901546
298342.905,4137554.362,0.901200
298343.029,4137554.519,0.900910
298343.154,4137554.676,0.900678
298343.278,4137554.832,0.900503
298343.402,4137554.989,0.900384
298343.526,4137555.146,0.900323
298343.651,4137555.302,0.900319
298343.775,4137555.459,0.900372
298343.899,4137555.616,0.900482
298344.023,4137555.773,0.900656
298344.148,4137555.929,0.900898
298344.272,4137556.086,0.901207
298344.396,4137556.243,0.901583
298344.520,4137556.400,0.902027
298344.644,4137556.557,0.902539
298344.768,4137556.714,0.903117
298344.891,4137556.871,0.903696
298345.015,4137557.028,0.904230
298345.139,4137557.185,0.904717
298345.262,4137557.342,0.905158
298345.386,4137557.500,0.905553
298345.509,4137557.657,0.905902
298345.633,4137557.815,0.906205
298345.756,4137557.972,0.906462
298345.879,4137558.129,0.906673
298346.002,4137558.287,0.906838
298346.126,4137558.444,0.906957
298346.249,4137558.602,0.907030
298346.372,4137558.760,0.907057
298346.495,4137558.917,0.907038
298346.618,4137559.075,0.906973
298346.742,4137559.232,0.906862
298346.865,4137559.390,0.906705
298346.988,4137559.547,0.906502
298347.112,4137559.705,0.906253
298347.235,4137559.862,0.905958
298347.358,4137560.019,0.905617
298347.482,4137560.177,0.905231
298347.605,4137560.334,0.904798
298347.729,4137560.491,0.904319
298347.853,4137560.648,0.903795
298347.976,4137560.805,0.903255
298348.100,4137560.962,0.902752
298348.224,4137561.119,0.902289
298348.348,4137561.276,0.901865
298348.472,4137561.433,0.901480
298348.596,4137561.590,0.901134
298348.720,4137561.747,0.900826
298348.845,4137561.904,0.900558
298348.969,4137562.060,0.900329
298349.093,4137562.217,0.900139
298349.217,4137562.374,0.899988
298349.342,4137562.530,0.899876
298349.466,4137562.687,0.899804
298349.590,4137562.844,0.899770
298349.715,4137563.000,0.899775
298349.839,4137563.157,0.899825
298349.964,4137563.313,0.899930
298350.088,4137563.470,0.900090
298350.212,4137563.627,0.900304
298350.336,4137563.783,0.900573
298350.461,4137563.940,0.900897
298350.585,4137564.097,0.901276
298350.709,4137564.254,0.901709
298350.833,4137564.411,0.902197
298350.957,4137564.568,0.902740
298351.081,4137564.725,0.903338
298351.204,4137564.882,0.903990
298351.328,4137565.039,0.904680
298351.451,4137565.196,0.905311
298351.575,4137565.354,0.905867
298351.698,4137565.511,0.906348
298351.822,4137565.669,0.906754
298351.945,4137565.826,0.907085
298352.068,4137565.984,0.907341
298352.191,4137566.141,0.907522
298352.314,4137566.299,0.907628
298352.437,4137566.456,0.907659
298352.560,4137566.614,0.907615
298352.684,4137566.772,0.907496
298352.807,4137566.929,0.907303
298352.930,4137567.087,0.907034
298353.053,4137567.244,0.906690
298353.176,4137567.402,0.906303
298353.300,4137567.559,0.906023
298353.423,4137567.717,0.905867
298353.547,4137567.874,0.905838
298353.670,4137568.031,0.905933
298353.793,4137568.189,0.906154
298353.917,4137568.346,0.906501
298354.040,4137568.504,0.906972
298354.163,4137568.661,0.907570
298354.286,4137568.819,0.908292
298354.409,4137568.977,0.909125
298354.532,4137569.134,0.909776
298354.655,4137569.292,0.910134
298354.777,4137569.450,0.910199
298354.900,4137569.608,0.909992
298355.023,4137569.766,0.909745
298355.146,4137569.924,0.909523
298355.269,4137570.082,0.909325
298355.391,4137570.239,0.909151
298355.514,4137570.397,0.909001
298355.637,4137570.555,0.908875
298355.760,4137570.713,0.908773
298355.883,4137570.871,0.908696
298356.006,4137571.028,0.908642
298356.129,4137571.186,0.908612
298356.252,4137571.344,0.908607
298356.375,4137571.501,0.908626
298356.498,4137571.659,0.908668
298356.621,4137571.817,0.908735
298356.744,4137571.975,0.908823
298356.867,4137572.132,0.908907
298356.990,4137572.290,0.908985
298357.113,4137572.448,0.909055
298357.235,4137572.606,0.909118
298357.358,4137572.763,0.909174
298357.481,4137572.921,0.909222
298357.604,4137573.079,0.909263
298357.727,4137573.237,0.909296
298357.850,4137573.395,0.909322
298357.973,4137573.552,0.909341
298358.095,4137573.710,0.909352
298358.218,4137573.868,0.909356
298358.341,4137574.026,0.909353
298358.464,4137574.184,0.909343
298358.587,4137574.342,0.909326
298358.710,4137574.499,0.909308
298358.833,4137574.657,0.909289
298358.955,4137574.815,0.909271
298359.078,4137574.973,0.909252
298359.201,4137575.131,0.909234
298359.324,4137575.288,0.909215
298359.447,4137575.446,0.909195
298359.570,4137575.604,0.909176
298359.693,4137575.762,0.909156
298359.815,4137575.920,0.909136
298359.938,4137576.077,0.909116
298360.061,4137576.235,0.909095
298360.184,4137576.393,0.909075
298360.307,4137576.551,0.909054
298360.430,4137576.708,0.909033
298360.553,4137576.866,0.909015
298360.676,4137577.024,0.909000
298360.799,4137577.182,0.908987
298360.922,4137577.340,0.908977
298361.044,4137577.497,0.908970
298361.167,4137577.655,0.908965
298361.290,4137577.813,0.908963
298361.413,4137577.971,0.908964
298361.536,4137578.128,0.908968
298361.659,4137578.286,0.908974
298361.782,4137578.444,0.908983
298361.905,4137578.602,0.908995
298362.028,4137578.759,0.909009
298362.151,4137578.917,0.909026
298362.273,4137579.075,0.909045
298362.396,4137579.233,0.909065
298362.519,4137579.391,0.909086
298362.642,4137579.548,0.909107
298362.765,4137579.706,0.909128
298362.888,4137579.864,0.909150
298363.011,4137580.022,0.909173
298363.134,4137580.179,0.909196
298363.257,4137580.337,0.909219
298363.379,4137580.495,0.909243
298363.502,4137580.653,0.909268
298363.625,4137580.811,0.909293
298363.748,4137580.969,0.909319
298363.871,4137581.126,0.909345
298363.994,4137581.284,0.909367
298364.116,4137581.442,0.909378
298364.239,4137581.600,0.909382
298364.362,4137581.758,0.909378
298364.485,4137581.915,0.909367
298364.608,4137582.073,0.909349
298364.731,4137582.231,0.909323
298364.854,4137582.389,0.909290
298364.976,4137582.547,0.909249
298365.099,4137582.704,0.909201
298365.222,4137582.862,0.909146
298365.345,4137583.020,0.909083
298365.468,4137583.178,0.909013
298365.591,4137583.336,0.908935
298365.714,4137583.493,0.908850
298365.837,4137583.651,0.908758
298365.960,4137583.809,0.908670
298366.083,4137583.967,0.908609
298366.206,4137584.124,0.908574
298366.329,4137584.282,0.908564
298366.451,4137584.440,0.908581
298366.574,4137584.597,0.908624
298366.697,4137584.755,0.908694
298366.820,4137584.913,0.908789
298366.943,4137585.071,0.908910
298367.066,4137585.228,0.909058
298367.189,4137585.386,0.909231
298367.312,4137585.544,0.909431
298367.435,4137585.702,0.909657
298367.558,4137585.860,0.909909
298367.680,4137586.018,0.910187
298367.803,4137586.176,0.910357
298367.926,4137586.333,0.910256
298368.048,4137586.491,0.909885
298368.171,4137586.649,0.909243
298368.294,4137586.807,0.908331
298368.417,4137586.965,0.907148
298368.541,4137587.122,0.905883
298368.664,4137587.279,0.904914
298368.788,4137587.437,0.904251
298368.911,4137587.594,0.903894
298369.035,4137587.751,0.903845
298369.159,4137587.908,0.904033
298369.282,4137588.065,0.904235
298369.406,4137588.222,0.904436
298369.530,4137588.380,0.904634
298369.653,4137588.537,0.904830
298369.777,4137588.694,0.905023
298369.900,4137588.851,0.905215
298370.024,4137589.009,0.905404
298370.147,4137589.166,0.905591
298370.271,4137589.323,0.905775
298370.394,4137589.481,0.905958
298370.517,4137589.638,0.906138
298370.641,4137589.796,0.906316
298370.764,4137589.953,0.906492
298370.887,4137590.111,0.906661
298371.011,4137590.268,0.906806
298371.134,4137590.426,0.906926
298371.257,4137590.583,0.907020
298371.380,4137590.741,0.907088
298371.503,4137590.898,0.907130
298371.627,4137591.056,0.907146
298371.750,4137591.213,0.907136
298371.873,4137591.371,0.907100
298371.996,4137591.528,0.907039
298372.119,4137591.686,0.906952
298372.243,4137591.843,0.906838
298372.366,4137592.001,0.906699
298372.489,4137592.158,0.906535
298372.612,4137592.316,0.906344
298372.736,4137592.473,0.906124
298372.859,4137592.631,0.905862
298372.983,4137592.788,0.905558
298373.106,4137592.945,0.905213
298373.230,4137593.103,0.904825
298373.353,4137593.260,0.904396
298373.477,4137593.417,0.903924
298373.601,4137593.574,0.903410
298373.724,4137593.731,0.902855
298373.848,4137593.888,0.902257
298373.972,4137594.045,0.901714
298374.096,4137594.202,0.901324
298374.221,4137594.359,0.901087
298374.345,4137594.515,0.901003
298374.469,4137594.672,0.901072
298374.593,4137594.829,0.901294
298374.717,4137594.986,0.901668
298374.841,4137595.143,0.902196
298374.965,4137595.300,0.902877
298375.089,4137595.457,0.903711
298375.212,4137595.614,0.904698
298375.336,4137595.771,0.905838
298375.459,4137595.929,0.907131
298375.582,4137596.086,0.908576
298375.705,4137596.244,0.910175
298375.828,4137596.402,0.911431
298375.950,4137596.560,0.911852
298376.073,4137596.718,0.911438
298376.195,4137596.876,0.910190
298376.318,4137597.034,0.908106
298376.441,4137597.192,0.905187
298376.565,4137597.349,0.901432
298376.690,4137597.505,0.896842
298376.815,4137597.661,0.891417
298376.941,4137597.817,0.885167
298377.067,4137597.972,0.889294
298377.193,4137598.127,0.893580
298377.318,4137598.283,0.897374
298377.443,4137598.440,0.900676
298377.567,4137598.597,0.903486
298377.690,4137598.754,0.905803
298377.813,4137598.911,0.907628
298377.936,4137599.069,0.908961
298378.059,4137599.227,0.909802
298378.182,4137599.385,0.910151
298378.305,4137599.543,0.910009
298378.427,4137599.701,0.909374
298378.550,4137599.858,0.908247
298378.674,4137600.016,0.906629
298378.797,4137600.173,0.904518
298378.921,4137600.330,0.902786
298379.045,4137600.487,0.902486
298379.168,4137600.644,0.903465
298379.292,4137600.802,0.904563
298379.416,4137600.959,0.905544
298379.539,4137601.116,0.906407
298379.662,4137601.274,0.907154
298379.785,4137601.431,0.907784
298379.909,4137601.589,0.908296
298380.031,4137601.747,0.908691
298380.154,4137601.904,0.908970
298380.277,4137602.062,0.909131
298380.400,4137602.220,0.909175
298380.523,4137602.378,0.909102
298380.646,4137602.536,0.908912
298380.769,4137602.693,0.908605
298380.892,4137602.851,0.908181
298381.015,4137603.009,0.907679
298381.138,4137603.166,0.907329
298381.261,4137603.324,0.907166
298381.384,4137603.481,0.907146
298381.508,4137603.639,0.907131
298381.631,4137603.796,0.907113
298381.754,4137603.954,0.907093
298381.877,4137604.111,0.907070
298382.000,4137604.269,0.907045
298382.124,4137604.427,0.907017
298382.247,4137604.584,0.906986
298382.370,4137604.742,0.906952
298382.493,4137604.899,0.906916
298382.617,4137605.057,0.906877
298382.740,4137605.214,0.906835
298382.863,4137605.372,0.906791
298382.986,4137605.529,0.906744
298383.110,4137605.687,0.906694
298383.233,4137605.844,0.906614
298383.356,4137606.002,0.906434
298383.479,4137606.159,0.906149
298383.603,4137606.316,0.905781
298383.726,4137606.474,0.905420
298383.850,4137606.631,0.905078
298383.973,4137606.788,0.904755
298384.097,4137606.946,0.904450
298384.221,4137607.103,0.904164
298384.344,4137607.260,0.903897
298384.468,4137607.417,0.903649
298384.592,4137607.574,0.903419
298384.716,4137607.731,0.903208
298384.839,4137607.888,0.903016
298384.963,4137608.045,0.902842
298385.087,4137608.202,0.902687
298385.211,4137608.359,0.902551
298385.335,4137608.516,0.902434
298385.459,4137608.673,0.902321
298385.583,4137608.830,0.902164
298385.707,4137608.987,0.901957
298385.831,4137609.144,0.901702
298385.955,4137609.301,0.901434
298386.079,4137609.458,0.901189
298386.203,4137609.614,0.900965
298386.327,4137609.771,0.900762
298386.452,4137609.928,0.900581
298386.576,4137610.085,0.900422
298386.700,4137610.241,0.900284
298386.824,4137610.398,0.900167
298386.949,4137610.555,0.900072
298387.073,4137610.711,0.899999
298387.197,4137610.868,0.899946
298387.322,4137611.025,0.899916
298387.446,4137611.181,0.899907
298387.570,4137611.338,0.899919
298387.695,4137611.495,0.899953
298387.819,4137611.651,0.900129
298387.943,4137611.808,0.900552
298388.067,4137611.965,0.901224
298388.191,4137612.122,0.902144
298388.315,4137612.279,0.903132
298388.439,4137612.436,0.904009
298388.563,4137612.593,0.904777
298388.686,4137612.750,0.905435
298388.810,4137612.908,0.905982
298388.933,4137613.065,0.906420
298389.056,4137613.222,0.906747
298389.180,4137613.380,0.906965
298389.303,4137613.537,0.907073
298389.426,4137613.695,0.907070
298389.549,4137613.853,0.906958
298389.672,4137614.010,0.906735
298389.796,4137614.167,0.906403
298389.919,4137614.325,0.905960
298390.042,4137614.482,0.905407
298390.166,4137614.640,0.904906
298390.290,4137614.797,0.904620
298390.413,4137614.954,0.904550
298390.537,4137615.111,0.904696
298390.660,4137615.269,0.905034
298390.784,4137615.426,0.905379
298390.907,4137615.583,0.905687
298391.031,4137615.741,0.905960
298391.154,4137615.898,0.906197
298391.277,4137616.055,0.906397
298391.401,4137616.213,0.906562
298391.524,4137616.370,0.906691
298391.647,4137616.528,0.906784
298391.770,4137616.685,0.906840
298391.894,4137616.843,0.906861
298392.017,4137617.000,0.906846
298392.140,4137617.158,0.906795
298392.263,4137617.315,0.906708
298392.387,4137617.473,0.906586
298392.510,4137617.630,0.906429
298392.633,4137617.788,0.906255
298392.757,4137617.945,0.906068
298392.880,4137618.103,0.905869
298393.003,4137618.260,0.905656
298393.127,4137618.417,0.905430
298393.250,4137618.575,0.905189
298393.374,4137618.732,0.904933
298393.497,4137618.889,0.904661
298393.621,4137619.046,0.904374
298393.745,4137619.204,0.904072
298393.868,4137619.361,0.903755
298393.992,4137619.518,0.903422
298394.116,4137619.675,0.903074
298394.240,4137619.832,0.902711
298394.364,4137619.989,0.902332
298394.488,4137620.146,0.901938
298394.612,4137620.303,0.901529
298394.736,4137620.459,0.901104
298394.860,4137620.616,0.900664
298394.984,4137620.773,0.900216
298395.109,4137620.930,0.899905
298395.233,4137621.086,0.899786
298395.357,4137621.243,0.899860
298395.482,4137621.400,0.900126
298395.606,4137621.556,0.900584
298395.730,4137621.713,0.901235
298395.854,4137621.870,0.902079
298395.978,4137622.027,0.903114
298396.102,4137622.184,0.904343
298396.225,4137622.341,0.905764
298396.349,4137622.499,0.907377
298396.472,4137622.656,0.909183
298396.594,4137622.814,0.911149
298396.717,4137622.972,0.912596
298396.839,4137623.131,0.913250
298396.961,4137623.289,0.913112
298397.084,4137623.447,0.912182
298397.206,4137623.605,0.910460
298397.329,4137623.763,0.907962
298397.452,4137623.921,0.905379
298397.576,4137624.078,0.903073
298397.700,4137624.235,0.901043
298397.824,4137624.391,0.899290
298397.949,4137624.548,0.897813
298398.073,4137624.704,0.896612
298398.198,4137624.860,0.895688
298398.323,4137625.016,0.895041
298398.449,4137625.172,0.894670
298398.574,4137625.328,0.894575
298398.699,4137625.484,0.894756
298398.824,4137625.640,0.895214
298398.949,4137625.796,0.895949
298399.074,4137625.953,0.896959
298399.199,4137626.109,0.898235
298399.323,4137626.266,0.899485
298399.447,4137626.422,0.900587
298399.571,4137626.579,0.901540
298399.695,4137626.736,0.902345
298399.819,4137626.893,0.903001
298399.943,4137627.050,0.903509
298400.067,4137627.207,0.903868
298400.191,4137627.364,0.904078
298400.314,4137627.521,0.904140
298400.438,4137627.679,0.904054
298400.562,4137627.836,0.903846
298400.685,4137627.993,0.903643
298400.809,4137628.150,0.903462
298400.933,4137628.307,0.903300
298401.057,4137628.464,0.903160
298401.181,4137628.621,0.903040
298401.304,4137628.778,0.902940
298401.428,4137628.935,0.902861
298401.552,4137629.092,0.902803
298401.676,4137629.249,0.902765
298401.800,4137629.406,0.902748
298401.924,4137629.563,0.902752
298402.048,4137629.720,0.902776
298402.172,4137629.877,0.902821
298402.295,4137630.034,0.902887
298402.419,4137630.191,0.902965
298402.543,4137630.348,0.903030
298402.667,4137630.505,0.903078
298402.791,4137630.662,0.903110
298402.915,4137630.819,0.903125
298403.038,4137630.976,0.903123
298403.162,4137631.133,0.903105
298403.286,4137631.291,0.903071
298403.410,4137631.448,0.903020
298403.534,4137631.605,0.902953
298403.658,4137631.762,0.902869
298403.782,4137631.919,0.902779
298403.905,4137632.076,0.902700
298404.029,4137632.233,0.902630
298404.153,4137632.390,0.902571
298404.277,4137632.547,0.902521
298404.401,4137632.704,0.902482
298404.525,4137632.861,0.902453
298404.649,4137633.017,0.902434
298404.773,4137633.174,0.902425
298404.897,4137633.331,0.902426
298405.021,4137633.488,0.902437
298405.145,4137633.645,0.902458
298405.269,4137633.802,0.902489
298405.393,4137633.959,0.902530
298405.516,4137634.116,0.902582
298405.640,4137634.273,0.902636
298405.764,4137634.430,0.902688
298405.888,4137634.587,0.902735
298406.012,4137634.744,0.902778
298406.136,4137634.901,0.902818
298406.260,4137635.058,0.902854
298406.384,4137635.215,0.902886
298406.507,4137635.372,0.902914
298406.631,4137635.529,0.902938
298406.755,4137635.686,0.902958
298406.879,4137635.843,0.902975
298407.003,4137636.000,0.902998
298407.127,4137636.157,0.903031
298407.251,4137636.314,0.903075
298407.374,4137636.471,0.903129
298407.498,4137636.628,0.903194
298407.622,4137636.786,0.903269
298407.746,4137636.943,0.903354
298407.870,4137637.100,0.903450
298407.993,4137637.257,0.903556
298408.117,4137637.414,0.903672
298408.241,4137637.571,0.903799
298408.365,4137637.728,0.903937
298408.488,4137637.885,0.904084
298408.612,4137638.042,0.904242
298408.736,4137638.200,0.904409
298408.859,4137638.357,0.904552
298408.983,4137638.514,0.904659
298409.106,4137638.671,0.904730
298409.230,4137638.829,0.904765
298409.353,4137638.986,0.904764
298409.477,4137639.143,0.904728
298409.601,4137639.300,0.904655
298409.724,4137639.458,0.904546
298409.848,4137639.615,0.904401
298409.971,4137639.772,0.904220
298410.095,4137639.929,0.904012
298410.219,4137640.086,0.903819
298410.343,4137640.243,0.903645
298410.466,4137640.401,0.903492
298410.590,4137640.558,0.903358
298410.714,4137640.715,0.903244
298410.838,4137640.872,0.903150
298410.962,4137641.029,0.903076
298411.085,4137641.186,0.903022
298411.209,4137641.343,0.902988
298411.333,4137641.500,0.902973
298411.457,4137641.657,0.902979
298411.581,4137641.814,0.903004
298411.705,4137641.971,0.903049
298411.828,4137642.128,0.903114
298411.952,4137642.285,0.903194
298412.076,4137642.442,0.903273
298412.200,4137642.599,0.903347
298412.324,4137642.756,0.903418
298412.447,4137642.913,0.903485
298412.571,4137643.070,0.903548
298412.695,4137643.228,0.903607
298412.819,4137643.385,0.903663
298412.942,4137643.542,0.903715
298413.066,4137643.699,0.903763
298413.190,4137643.856,0.903807
298413.314,4137644.013,0.903846
298413.437,4137644.170,0.903878
298413.561,4137644.327,0.903902
298413.685,4137644.485,0.903919
298413.808,4137644.642,0.903928
298413.932,4137644.799,0.903930
298414.056,4137644.956,0.903924
298414.180,4137645.113,0.903911
298414.303,4137645.270,0.903890
298414.427,4137645.427,0.903862
298414.551,4137645.585,0.903827
298414.674,4137645.742,0.903784
298414.798,4137645.899,0.903733
298414.922,4137646.056,0.903676
298415.046,4137646.213,0.903610
298415.169,4137646.370,0.903546
298415.293,4137646.527,0.903493
298415.417,4137646.684,0.903449
298415.541,4137646.841,0.903416
298415.664,4137646.999,0.903392
298415.788,4137647.156,0.903379
298415.912,4137647.313,0.903375
298416.036,4137647.470,0.903382
298416.160,4137647.627,0.903399
298416.283,4137647.784,0.903426
298416.407,4137647.941,0.903463
298416.531,4137648.098,0.903509
298416.655,4137648.255,0.903563
298416.778,4137648.412,0.903626
298416.902,4137648.569,0.903697
298417.026,4137648.727,0.903777
298417.150,4137648.884,0.903865
298417.273,4137649.041,0.903962
298417.397,4137649.198,0.904068
298417.521,4137649.355,0.904182
298417.644,4137649.512,0.904304
298417.768,4137649.669,0.904435
298417.892,4137649.827,0.904575
298418.015,4137649.984,0.904723
298418.139,4137650.141,0.904880
298418.262,4137650.298,0.905043
298418.386,4137650.456,0.905193
298418.509,4137650.613,0.905324
298418.633,4137650.770,0.905436
298418.756,4137650.928,0.905530
298418.880,4137651.085,0.905605
298419.003,4137651.242,0.905661
298419.127,4137651.400,0.905699
298419.250,4137651.557,0.905719
298419.373,4137651.715,0.905720
298419.497,4137651.872,0.905702
298419.620,4137652.029,0.905665
298419.744,4137652.187,0.905609
298419.867,4137652.344,0.905534
298419.991,4137652.501,0.905439
298420.114,4137652.659,0.905324
298420.237,4137652.816,0.905191
298420.361,4137652.973,0.905038
298420.485,4137653.131,0.904865
298420.608,4137653.288,0.904673
298420.732,4137653.445,0.904462
298420.855,4137653.602,0.904231
298420.979,4137653.759,0.903981
298421.103,4137653.916,0.903711
298421.226,4137654.074,0.903422
298421.350,4137654.231,0.903114
298421.474,4137654.388,0.902808
298421.598,4137654.545,0.902547
298421.722,4137654.702,0.902335
298421.846,4137654.859,0.902170
298421.970,4137655.015,0.902053
298422.094,4137655.172,0.901983
298422.218,4137655.329,0.901960
298422.342,4137655.486,0.901986
298422.466,4137655.643,0.902059
298422.590,4137655.800,0.902179
298422.714,4137655.957,0.902346
298422.838,4137656.114,0.902528
298422.962,4137656.271,0.902706
298423.086,4137656.428,0.902883
298423.209,4137656.585,0.903056
298423.333,4137656.742,0.903228
298423.457,4137656.899,0.903396
298423.581,4137657.056,0.903563
298423.705,4137657.213,0.903726
298423.828,4137657.370,0.903888
298423.952,4137657.528,0.904046
298424.076,4137657.685,0.904203
298424.199,4137657.842,0.904356
298424.323,4137657.999,0.904508
298424.447,4137658.156,0.904656
298424.570,4137658.314,0.904802
298424.694,4137658.471,0.904931
298424.817,4137658.628,0.905037
298424.941,4137658.785,0.905120
298425.064,4137658.943,0.905182
298425.188,4137659.100,0.905221
298425.311,4137659.257,0.905237
298425.435,4137659.415,0.905231
298425.558,4137659.572,0.905202
298425.682,4137659.729,0.905151
298425.805,4137659.887,0.905078
298425.929,4137660.044,0.904987
298426.052,4137660.201,0.904899
298426.176,4137660.358,0.904819
298426.299,4137660.516,0.904745
298426.423,4137660.673,0.904677
298426.547,4137660.830,0.904617
298426.670,4137660.987,0.904563
298426.794,4137661.145,0.904516
298426.917,4137661.302,0.904475
298427.041,4137661.459,0.904442
298427.165,4137661.616,0.904415
298427.288,4137661.773,0.904394
298427.412,4137661.931,0.904381
298427.535,4137662.088,0.904374
298427.659,4137662.245,0.904373
298427.783,4137662.402,0.904378
298427.906,4137662.559,0.904380
298428.030,4137662.717,0.904380
298428.154,4137662.874,0.904377
298428.277,4137663.031,0.904371
298428.401,4137663.188,0.904362
298428.525,4137663.345,0.904350
298428.648,4137663.503,0.904336
298428.772,4137663.660,0.904319
298428.895,4137663.817,0.904299
298429.019,4137663.974,0.904276
298429.143,4137664.131,0.904255
298429.266,4137664.288,0.904240
298429.390,4137664.446,0.904231
298429.514,4137664.603,0.904228
298429.637,4137664.760,0.904231
298429.761,4137664.917,0.904240
298429.885,4137665.074,0.904254
298430.008,4137665.232,0.904275
298430.132,4137665.389,0.904302
298430.256,4137665.546,0.904335
298430.379,4137665.703,0.904374
298430.503,4137665.860,0.904419
298430.626,4137666.018,0.904470
298430.750,4137666.175,0.904527
298430.874,4137666.332,0.904590
298430.997,4137666.489,0.904650
298431.121,4137666.647,0.904700
298431.244,4137666.804,0.904740
298431.368,4137666.961,0.904770
298431.492,4137667.118,0.904791
298431.615,4137667.275,0.904801
298431.739,4137667.433,0.904802
298431.862,4137667.590,0.904792
298431.986,4137667.747,0.904773
298432.109,4137667.905,0.904744
298432.233,4137668.062,0.904706
298432.357,4137668.219,0.904663
298432.480,4137668.376,0.904618
298432.604,4137668.533,0.904570
298432.727,4137668.691,0.904519
298432.851,4137668.848,0.904464
298432.975,4137669.005,0.904407
298433.098,4137669.162,0.904347
298433.222,4137669.319,0.904284
298433.345,4137669.477,0.904217
298433.469,4137669.634,0.904148
298433.593,4137669.791,0.904076
298433.716,4137669.948,0.904001
298433.840,4137670.105,0.903923
298433.964,4137670.262,0.903841
298434.088,4137670.420,0.903760
298434.211,4137670.577,0.903690
298434.335,4137670.734,0.903633
298434.459,4137670.891,0.903591
298434.583,4137671.048,0.903562
298434.706,4137671.205,0.903547
298434.830,4137671.362,0.903545
298434.954,4137671.519,0.903557
298435.078,4137671.676,0.903583
298435.201,4137671.834,0.903622
298435.325,4137671.991,0.903675
298435.449,4137672.148,0.903737
298435.573,4137672.305,0.903803
298435.696,4137672.462,0.903872
298435.820,4137672.619,0.903945
298435.944,4137672.776,0.904021
298436.067,4137672.933,0.904100
298436.191,4137673.091,0.904183
298436.315,4137673.248,0.904269
298436.438,4137673.405,0.904358
298436.562,4137673.562,0.904451
298436.686,4137673.719,0.904547
298436.809,4137673.877,0.904647
298436.933,4137674.034,0.904750
298437.056,4137674.191,0.904856
298437.180,4137674.348,0.904965
298437.303,4137674.506,0.905070
298437.427,4137674.663,0.905162
298437.550,4137674.820,0.905239
298437.674,4137674.978,0.905303
298437.797,4137675.135,0.905353
298437.921,4137675.292,0.905389
298438.044,4137675.450,0.905411
298438.168,4137675.607,0.905419
298438.291,4137675.764,0.905414
298438.415,4137675.922,0.905395
298438.538,4137676.079,0.905363
298438.662,4137676.236,0.905320
298438.785,4137676.394,0.905269
298438.909,4137676.551,0.905209
298439.032,4137676.708,0.905141
298439.156,4137676.865,0.905064
298439.279,4137677.023,0.904979
298439.403,4137677.180,0.904884
298439.526,4137677.337,0.904782
298439.650,4137677.494,0.904670
298439.773,4137677.652,0.904550
298439.897,4137677.809,0.904421
298440.021,4137677.966,0.904284
298440.144,4137678.123,0.904138
298440.268,4137678.280,0.903983
298440.392,4137678.438,0.903822
298440.515,4137678.595,0.903668
298440.639,4137678.752,0.903525
298440.763,4137678.909,0.903393
298440.887,4137679.066,0.903273
298441.011,4137679.223,0.903164
298441.134,4137679.380,0.903066
298441.258,4137679.537,0.902980
298441.382,4137679.694,0.902905
298441.506,4137679.851,0.902842
298441.630,4137680.008,0.902789
298441.754,4137680.165,0.902751
298441.878,4137680.322,0.902736
298442.002,4137680.479,0.902745
298442.125,4137680.636,0.902776
298442.249,4137680.793,0.902831
298442.373,4137680.950,0.902910
298442.497,4137681.107,0.903012
298442.621,4137681.264,0.903137
298442.745,4137681.421,0.903286
298442.868,4137681.578,0.903459
298442.992,4137681.736,0.903654
298443.116,4137681.893,0.903873
298443.240,4137682.050,0.904116
298443.363,4137682.207,0.904382
298443.487,4137682.364,0.904671
298443.610,4137682.521,0.904961
298443.734,4137682.679,0.905201
298443.857,4137682.836,0.905389
298443.981,4137682.993,0.905524
298444.104,4137683.151,0.905607
298444.228,4137683.308,0.905637
298444.351,4137683.465,0.905616
298444.475,4137683.623,0.905542
298444.598,4137683.780,0.905416
298444.722,4137683.937,0.905237
298444.845,4137684.095,0.905008
298444.969,4137684.252,0.904777
298445.092,4137684.409,0.904565
298445.216,4137684.566,0.904372
298445.339,4137684.724,0.904198
298445.463,4137684.881,0.904044
298445.587,4137685.038,0.903908
298445.711,4137685.195,0.903792
298445.834,4137685.352,0.903694
298445.958,4137685.509,0.903616
298446.082,4137685.666,0.903557
298446.206,4137685.824,0.903518
298446.329,4137685.981,0.903497
298446.453,4137686.138,0.903495
298446.577,4137686.295,0.903513
298446.701,4137686.452,0.903549
298446.824,4137686.609,0.903591
298446.948,4137686.766,0.903634
298447.072,4137686.923,0.903678
298447.196,4137687.080,0.903723
298447.319,4137687.237,0.903770
298447.443,4137687.395,0.903817
298447.567,4137687.552,0.903866
298447.690,4137687.709,0.903916
298447.814,4137687.866,0.903967
298447.938,4137688.023,0.904019
298448.062,4137688.180,0.904072
298448.185,4137688.338,0.904118
298448.309,4137688.495,0.904159
298448.433,4137688.652,0.904193
298448.556,4137688.809,0.904221
298448.680,4137688.966,0.904242
298448.803,4137689.123,0.904257
298448.927,4137689.281,0.904266
298449.051,4137689.438,0.904269
298449.174,4137689.595,0.904265
298449.298,4137689.752,0.904255
298449.422,4137689.909,0.904239
298449.545,4137690.067,0.904216
298449.669,4137690.224,0.904187
298449.793,4137690.381,0.904152
298449.916,4137690.538,0.904114
298450.040,4137690.695,0.904085
298450.164,4137690.852,0.904066
298450.287,4137691.010,0.904059
298450.411,4137691.167,0.904061
298450.535,4137691.324,0.904075
298450.658,4137691.481,0.904099
298450.782,4137691.638,0.904133
298450.906,4137691.795,0.904178
298451.029,4137691.953,0.904234
298451.153,4137692.110,0.904301
298451.277,4137692.267,0.904369
298451.400,4137692.424,0.904428
298451.524,4137692.581,0.904477
298451.648,4137692.739,0.904515
298451.771,4137692.896,0.904543
298451.895,4137693.053,0.904560
298452.018,4137693.210,0.904567
298452.142,4137693.367,0.904564
298452.266,4137693.525,0.904550
298452.389,4137693.682,0.904526
298452.513,4137693.839,0.904492
298452.636,4137693.996,0.904447
298452.760,4137694.154,0.904392
298452.884,4137694.311,0.904327
298453.007,4137694.468,0.904251
298453.131,4137694.625,0.904177
298453.255,4137694.782,0.904120
298453.378,4137694.939,0.904081
298453.502,4137695.097,0.904059
298453.626,4137695.254,0.904055
298453.749,4137695.411,0.904068
298453.873,4137695.568,0.904099
298453.997,4137695.725,0.904147
298454.120,4137695.882,0.904212
298454.244,4137696.040,0.904295
298454.368,4137696.197,0.904395
298454.491,4137696.354,0.904499
298454.615,4137696.511,0.904603
298454.738,4137696.668,0.904707
298454.862,4137696.826,0.904812
298454.986,4137696.983,0.904917
298455.109,4137697.140,0.905022
298455.233,4137697.298,0.905127
298455.356,4137697.455,0.905232
298455.480,4137697.612,0.905338
298455.603,4137697.769,0.905444
298455.727,4137697.927,0.905550
298455.850,4137698.084,0.905656
298455.973,4137698.242,0.905762
298456.097,4137698.399,0.905868
298456.220,4137698.556,0.905973
298456.344,4137698.714,0.906057
298456.467,4137698.871,0.906113
298456.590,4137699.029,0.906142
298456.714,4137699.186,0.906143
298456.837,4137699.343,0.906118
298456.960,4137699.501,0.906065
298457.084,4137699.658,0.905984
298457.207,4137699.816,0.905877
298457.330,4137699.973,0.905742
298457.454,4137700.130,0.905580
298457.577,4137700.288,0.905403
298457.701,4137700.445,0.905237
298457.824,4137700.602,0.905085
298457.948,4137700.760,0.904947
298458.071,4137700.917,0.904822
298458.195,4137701.074,0.904711
298458.319,4137701.231,0.904613
298458.442,4137701.389,0.904529
298458.566,4137701.546,0.904458
298458.689,4137701.703,0.904401
298458.813,4137701.860,0.904358
298458.937,4137702.017,0.904328
298459.060,4137702.175,0.904312
298459.184,4137702.332,0.904309
298459.308,4137702.489,0.904320
298459.431,4137702.646,0.904340
298459.555,4137702.803,0.904362
298459.678,4137702.961,0.904386
298459.802,4137703.118,0.904411
298459.926,4137703.275,0.904437
298460.049,4137703.432,0.904465
298460.173,4137703.589,0.904495
298460.297,4137703.747,0.904526
298460.420,4137703.904,0.904558
298460.544,4137704.061,0.904591
298460.667,4137704.218,0.904627
298460.791,4137704.376,0.904686
298460.915,4137704.533,0.904782
298461.038,4137704.690,0.904878
298461.162,4137704.847,0.904957
298461.285,4137705.005,0.905018
298461.409,4137705.162,0.905063
298461.532,4137705.319,0.905090
298461.656,4137705.476,0.905100
298461.779,4137705.634,0.905093
298461.903,4137705.791,0.905068
298462.026,4137705.948,0.905027
298462.150,4137706.106,0.904968
298462.273,4137706.263,0.904892
298462.397,4137706.420,0.904799
298462.520,4137706.577,0.904689
298462.644,4137706.735,0.904580
298462.768,4137706.892,0.904480
298462.891,4137707.049,0.904389
298463.015,4137707.206,0.904309
298463.139,4137707.363,0.904237
298463.262,4137707.521,0.904176
298463.386,4137707.678,0.904124
298463.510,4137707.835,0.904082
298463.633,4137707.992,0.904049
298463.757,4137708.149,0.904026
298463.881,4137708.306,0.904008
298464.004,4137708.464,0.903974
298464.128,4137708.621,0.903921
298464.252,4137708.778,0.903849
298464.375,4137708.935,0.903757
298464.499,4137709.092,0.903646
298464.623,4137709.249,0.903516
298464.747,4137709.406,0.903366
298464.870,4137709.563,0.903197
298464.994,4137709.720,0.903009
298465.118,4137709.877,0.902802
298465.242,4137710.034,0.902575
298465.366,4137710.191,0.902352
298465.490,4137710.348,0.902345
298465.614,4137710.505,0.902604
298465.738,4137710.662,0.903075
298465.862,4137710.819,0.903518
298465.985,4137710.976,0.903906
298466.109,4137711.134,0.904240
298466.233,4137711.291,0.904519
298466.356,4137711.448,0.904744
298466.480,4137711.605,0.904914
298466.603,4137711.763,0.905029
298466.727,4137711.920,0.905090
298466.850,4137712.077,0.905096
298466.974,4137712.234,0.905047
298467.097,4137712.392,0.904973
298467.221,4137712.549,0.904908
298467.344,4137712.706,0.904851
298467.468,4137712.864,0.904804
298467.592,4137713.021,0.904765
298467.715,4137713.178,0.904735
298467.839,4137713.335,0.904714
298467.962,4137713.492,0.904702
298468.086,4137713.650,0.904699
298468.209,4137713.807,0.904705
298468.333,4137713.964,0.904719
298468.457,4137714.121,0.904743
298468.580,4137714.279,0.904775
298468.704,4137714.436,0.904816
298468.827,4137714.593,0.904866
298468.951,4137714.750,0.904918
298469.074,4137714.908,0.904965
298469.198,4137715.065,0.905008
298469.321,4137715.222,0.905046
298469.445,4137715.380,0.905079
298469.568,4137715.537,0.905108
298469.692,4137715.694,0.905133
298469.816,4137715.851,0.905153
298469.939,4137716.009,0.905168
298470.063,4137716.166,0.905179
298470.186,4137716.323,0.905183
298470.310,4137716.481,0.905171
298470.433,4137716.638,0.905140
298470.557,4137716.795,0.905091
298470.680,4137716.953,0.905022
298470.804,4137717.110,0.904935
298470.927,4137717.267,0.904828
298471.051,4137717.424,0.904703
298471.174,4137717.582,0.904559
298471.298,4137717.739,0.904396
298471.422,4137717.896,0.904215
298471.545,4137718.053,0.904014
298471.669,4137718.210,0.903795
298471.793,4137718.367,0.903557
298471.916,4137718.524,0.903300
298472.040,4137718.682,0.903034
298472.164,4137718.839,0.902816
298472.288,4137718.996,0.902655
298472.412,4137719.153,0.902551
298472.536,4137719.310,0.902504
298472.660,4137719.466,0.902513
298472.784,4137719.623,0.902579
298472.908,4137719.780,0.902702
298473.031,4137719.937,0.902882
298473.155,4137720.094,0.903118
298473.279,4137720.252,0.903411
298473.403,4137720.409,0.903732
298473.527,4137720.566,0.904029
298473.650,4137720.723,0.904301
298473.774,4137720.880,0.904548
298473.897,4137721.037,0.904769
298474.021,4137721.195,0.904965
298474.145,4137721.352,0.905136
298474.268,4137721.509,0.905282
298474.392,4137721.667,0.905402
298474.515,4137721.824,0.905496
298474.638,4137721.981,0.905566
298474.762,4137722.139,0.905610
298474.885,4137722.296,0.905629
298475.009,4137722.453,0.905622
298475.132,4137722.611,0.905591
298475.256,4137722.768,0.905544
298475.379,4137722.925,0.905496
298475.503,4137723.083,0.905448
298475.626,4137723.240,0.905399
298475.749,4137723.397,0.905350
298475.873,4137723.555,0.905301
298475.996,4137723.712,0.905251
298476.120,4137723.869,0.905201
298476.243,4137724.027,0.905150
298476.367,4137724.184,0.905099
298476.490,4137724.341,0.905047
298476.614,4137724.498,0.904997
298476.738,4137724.656,0.904948
298476.861,4137724.813,0.904900
298476.985,4137724.970,0.904855
298477.108,4137725.127,0.904811
298477.232,4137725.285,0.904769
298477.355,4137725.442,0.904728
298477.479,4137725.599,0.904689
298477.602,4137725.756,0.904652
298477.726,4137725.914,0.904617
298477.850,4137726.071,0.904583
298477.973,4137726.228,0.904551
298478.097,4137726.385,0.904520
298478.220,4137726.543,0.904491
298478.344,4137726.700,0.904464
298478.468,4137726.857,0.904442
298478.591,4137727.014,0.904424
298478.715,4137727.171,0.904413
298478.839,4137727.329,0.904406
298478.962,4137727.486,0.904405
298479.086,4137727.643,0.904410
298479.209,4137727.800,0.904419
298479.333,4137727.957,0.904435
298479.457,4137728.115,0.904455
298479.580,4137728.272,0.904481
298479.704,4137728.429,0.904511
298479.828,4137728.586,0.904536
298479.951,4137728.744,0.904555
298480.075,4137728.901,0.904569
298480.198,4137729.058,0.904578
298480.322,4137729.215,0.904582
298480.446,4137729.372,0.904581
298480.569,4137729.530,0.904574
298480.693,4137729.687,0.904562
298480.816,4137729.844,0.904544
298480.940,4137730.001,0.904522
298481.064,4137730.159,0.904494
298481.187,4137730.316,0.904461
298481.311,4137730.473,0.904422
298481.434,4137730.630,0.904379
298481.558,4137730.787,0.904332
298481.682,4137730.945,0.904292
298481.805,4137731.102,0.904257
298481.929,4137731.259,0.904229
298482.053,4137731.416,0.904206
298482.176,4137731.573,0.904190
298482.300,4137731.730,0.904180
298482.424,4137731.888,0.904175
298482.547,4137732.045,0.904177
298482.671,4137732.202,0.904185
298482.795,4137732.359,0.904199
298482.918,4137732.516,0.904216
298483.042,4137732.674,0.904230
298483.166,4137732.831,0.904242
298483.289,4137732.988,0.904252
298483.413,4137733.145,0.904259
298483.536,4137733.302,0.904265
298483.660,4137733.459,0.904269
298483.784,4137733.617,0.904271
298483.907,4137733.774,0.904273
298484.031,4137733.931,0.904275
298484.155,4137734.088,0.904279
298484.278,4137734.245,0.904283
298484.402,4137734.403,0.904288
298484.526,4137734.560,0.904295
298484.649,4137734.717,0.904302
298484.773,4137734.874,0.904302
298484.897,4137735.031,0.904291
298485.020,4137735.189,0.904269
298485.144,4137735.346,0.904234
298485.268,4137735.503,0.904187
298485.391,4137735.660,0.904128
298485.515,4137735.817,0.904058
298485.639,4137735.974,0.903975
298485.762,4137736.132,0.903881
298485.886,4137736.289,0.903775
298486.010,4137736.446,0.903658
298486.133,4137736.603,0.903545
298486.257,4137736.760,0.903438
298486.381,4137736.917,0.903338
298486.505,4137737.074,0.903244
298486.629,4137737.231,0.903156
298486.752,4137737.388,0.903076
298486.876,4137737.545,0.903001
298487.000,4137737.702,0.902934
298487.124,4137737.859,0.902873
298487.248,4137738.016,0.902818
298487.372,4137738.173,0.902770
298487.496,4137738.330,0.902728
298487.620,4137738.487,0.902698
298487.743,4137738.644,0.902702
298487.867,4137738.801,0.902740
298487.991,4137738.958,0.902795
298488.115,4137739.115,0.902863
298488.239,4137739.272,0.902945
298488.363,4137739.429,0.903040
298488.487,4137739.586,0.903148
298488.610,4137739.743,0.903270
298488.734,4137739.901,0.903406
298488.858,4137740.058,0.903555
298488.982,4137740.215,0.903717
298489.105,4137740.372,0.903893
298489.229,4137740.529,0.904074
298489.353,4137740.686,0.904240
298489.476,4137740.843,0.904390
298489.600,4137741.001,0.904524
298489.724,4137741.158,0.904642
298489.847,4137741.315,0.904744
298489.971,4137741.472,0.904830
298490.094,4137741.630,0.904900
298490.218,4137741.787,0.904954
298490.341,4137741.944,0.904991
298490.465,4137742.101,0.905013
298490.588,4137742.259,0.905019
298490.712,4137742.416,0.905008
298490.836,4137742.573,0.904982
298490.959,4137742.731,0.904940
298491.083,4137742.888,0.904887
298491.206,4137743.045,0.904837
298491.330,4137743.202,0.904790
298491.453,4137743.360,0.904745
298491.577,4137743.517,0.904703
298491.700,4137743.674,0.904664
298491.824,4137743.831,0.904628
298491.948,4137743.989,0.904594
298492.071,4137744.146,0.904563
298492.195,4137744.303,0.904535
298492.318,4137744.460,0.904509
298492.442,4137744.617,0.904484
298492.566,4137744.775,0.904456
298492.689,4137744.932,0.904427
298492.813,4137745.089,0.904396
298492.937,4137745.246,0.904363
298493.060,4137745.403,0.904328
298493.184,4137745.561,0.904292
298493.307,4137745.718,0.904254
298493.431,4137745.875,0.904214
298493.555,4137746.032,0.904172
298493.678,4137746.189,0.904128
298493.802,4137746.347,0.904083
298493.926,4137746.504,0.904036
298494.049,4137746.661,0.903987
298494.173,4137746.818,0.903937
298494.297,4137746.975,0.903891
298494.421,4137747.132,0.903853
298494.544,4137747.289,0.903824
298494.668,4137747.447,0.903802
298494.792,4137747.604,0.903789
298494.915,4137747.761,0.903783
298495.039,4137747.918,0.903785
298495.163,4137748.075,0.903796
298495.287,4137748.232,0.903814
298495.410,4137748.389,0.903841
298495.534,4137748.546,0.903874
298495.658,4137748.704,0.903904
298495.781,4137748.861,0.903932
298495.905,4137749.018,0.903958
298496.029,4137749.175,0.903980
298496.153,4137749.332,0.903999
298496.276,4137749.489,0.904015
298496.400,4137749.646,0.904028
298496.524,4137749.804,0.904039
298496.647,4137749.961,0.904046
298496.771,4137750.118,0.904051
298496.895,4137750.275,0.904052
298497.018,4137750.432,0.904051
298497.142,4137750.589,0.904046
298497.266,4137750.747,0.904039
298497.389,4137750.904,0.904031
298497.513,4137751.061,0.904032
298497.637,4137751.218,0.904043
298497.760,4137751.375,0.904065
298497.884,4137751.532,0.904096
298498.008,4137751.690,0.904137
298498.131,4137751.847,0.904188
298498.255,4137752.004,0.904249
298498.379,4137752.161,0.904321
298498.502,4137752.318,0.904402
298498.626,4137752.476,0.904493
298498.750,4137752.633,0.904586
298498.873,4137752.790,0.904666
298498.997,4137752.947,0.904732
298499.120,4137753.104,0.904784
298499.244,4137753.262,0.904823
298499.367,4137753.419,0.904848
298499.491,4137753.576,0.904859
298499.615,4137753.734,0.904857
298499.738,4137753.891,0.904842
298499.862,4137754.048,0.904812
298499.985,4137754.205,0.904769
298500.109,4137754.363,0.904713
298500.232,4137754.520,0.904643
298500.356,4137754.677,0.904559
298500.480,4137754.834,0.904461
298500.603,4137754.991,0.904358
298500.727,4137755.149,0.904259
298500.851,4137755.306,0.904166
298500.974,4137755.463,0.904077
298501.098,4137755.620,0.903993
298501.222,4137755.777,0.903914
298501.345,4137755.934,0.903840
298501.469,4137756.092,0.903771
298501.593,4137756.249,0.903707
298501.716,4137756.406,0.903648
298501.840,4137756.563,0.903593
298501.964,4137756.720,0.903535
298502.088,4137756.877,0.903469
298502.212,4137757.034,0.903397
298502.335,4137757.191,0.903320
298502.459,4137757.348,0.903254
298502.583,4137757.505,0.903201
298502.707,4137757.662,0.903161
298502.831,4137757.819,0.903135
298502.954,4137757.977,0.903122
298503.078,4137758.134,0.903123
298503.202,4137758.291,0.903137
298503.326,4137758.448,0.903165
298503.450,4137758.605,0.903206
298503.573,4137758.762,0.903261
298503.697,4137758.919,0.903327
298503.821,4137759.076,0.903392
298503.945,4137759.233,0.903449
298504.069,4137759.390,0.903499
298504.192,4137759.547,0.903543
298504.316,4137759.704,0.903578
298504.440,4137759.861,0.903607
298504.564,4137760.018,0.903629
298504.687,4137760.176,0.903643
298504.811,4137760.333,0.903650
298504.935,4137760.490,0.903650
298505.059,4137760.647,0.903645
298505.182,4137760.804,0.903644
298505.306,4137760.961,0.903648
298505.430,4137761.118,0.903658
298505.554,4137761.275,0.903673
298505.677,4137761.432,0.903693
298505.801,4137761.590,0.903718
298505.925,4137761.747,0.903748
298506.049,4137761.904,0.903784
298506.172,4137762.061,0.903824
298506.296,4137762.218,0.903870
298506.420,4137762.375,0.903922
298506.543,4137762.532,0.903978
298506.667,4137762.690,0.904040
298506.791,4137762.847,0.904107
298506.914,4137763.004,0.904179
298507.038,4137763.161,0.904258
298507.162,4137763.318,0.904344
298507.285,4137763.475,0.904436
298507.409,4137763.633,0.904536
298507.533,4137763.790,0.904642
298507.656,4137763.947,0.904754
298507.780,4137764.104,0.904874
298507.903,4137764.262,0.905000
298508.027,4137764.419,0.905133
298508.150,4137764.576,0.905272
298508.274,4137764.734,0.905406
298508.397,4137764.891,0.905516
298508.521,4137765.048,0.905601
298508.644,4137765.206,0.905663
298508.767,4137765.363,0.905701
298508.891,4137765.520,0.905715
298509.014,4137765.678,0.905705
298509.138,4137765.835,0.905671
298509.261,4137765.992,0.905613
298509.385,4137766.150,0.905531
298509.508,4137766.307,0.905425
298509.632,4137766.464,0.905296
298509.755,4137766.622,0.905142
298509.879,4137766.779,0.904964
298510.002,4137766.936,0.904763
298510.126,4137767.094,0.904560
298510.249,4137767.251,0.904381
298510.373,4137767.408,0.904226
298510.497,4137767.565,0.904095
298510.620,4137767.722,0.903988
298510.744,4137767.879,0.903905
298510.868,4137768.037,0.903845
298510.991,4137768.194,0.903810
298511.115,4137768.351,0.903798
298511.239,4137768.508,0.903811
298511.363,4137768.665,0.903846
298511.486,4137768.822,0.903885
298511.610,4137768.979,0.903920
298511.734,4137769.137,0.903951
298511.857,4137769.294,0.903978
298511.981,4137769.451,0.904001
298512.105,4137769.608,0.904020
298512.228,4137769.765,0.904035
298512.352,4137769.922,0.904046
298512.476,4137770.079,0.904053
298512.599,4137770.237,0.904055
298512.723,4137770.394,0.904054
298512.847,4137770.551,0.904049
298512.971,4137770.708,0.904039
298513.094,4137770.865,0.904026
298513.218,4137771.022,0.904010
298513.342,4137771.180,0.904008
298513.465,4137771.337,0.904026
298513.589,4137771.494,0.904065
298513.713,4137771.651,0.904124
298513.836,4137771.808,0.904203
298513.960,4137771.965,0.904302
298514.084,4137772.123,0.904421
298514.207,4137772.280,0.904561
298514.331,4137772.437,0.904721
298514.454,4137772.594,0.904901
298514.578,4137772.752,0.905091
298514.701,4137772.909,0.905253
298514.825,4137773.066,0.905383
298514.948,4137773.224,0.905481
298515.072,4137773.381,0.905547
298515.195,4137773.538,0.905580
298515.319,4137773.696,0.905582
298515.442,4137773.853,0.905551
298515.566,4137774.010,0.905489
298515.689,4137774.168,0.905394
298515.812,4137774.325,0.905267
298515.936,4137774.482,0.905108
298516.059,4137774.639,0.904917
298516.183,4137774.797,0.904694
298516.307,4137774.954,0.904439
298516.430,4137775.111,0.904167
298516.554,4137775.268,0.903926
298516.678,4137775.425,0.903719
298516.801,4137775.583,0.903547
298516.925,4137775.740,0.903409
298517.049,4137775.897,0.903305
298517.173,4137776.054,0.903236
298517.297,4137776.211,0.903201
298517.420,4137776.368,0.903200
298517.544,4137776.525,0.903233
298517.668,4137776.682,0.903301
298517.792,4137776.839,0.903381
298517.916,4137776.996,0.903458
298518.039,4137777.153,0.903532
298518.163,4137777.310,0.903603
298518.287,4137777.467,0.903671
298518.411,4137777.625,0.903736
298518.534,4137777.782,0.903798
298518.658,4137777.939,0.903857
298518.782,4137778.096,0.903913
298518.905,4137778.253,0.903966
298519.029,4137778.410,0.904016
298519.153,4137778.567,0.904063
298519.277,4137778.725,0.904107
298519.400,4137778.882,0.904148
298519.524,4137779.039,0.904186
298519.648,4137779.196,0.904220
298519.771,4137779.353,0.904250
298519.895,4137779.511,0.904277
298520.018,4137779.668,0.904299
298520.142,4137779.825,0.904318
298520.266,4137779.982,0.904332
298520.389,4137780.139,0.904343
298520.513,4137780.296,0.904350
298520.637,4137780.454,0.904353
298520.760,4137780.611,0.904352
298520.884,4137780.768,0.904347
298521.008,4137780.925,0.904341
298521.131,4137781.082,0.904333
298521.255,4137781.240,0.904324
298521.378,4137781.397,0.904314
298521.502,4137781.554,0.904302
298521.626,4137781.711,0.904289
298521.749,4137781.868,0.904275
298521.873,4137782.026,0.904260
298521.997,4137782.183,0.904243
298522.120,4137782.340,0.904225
298522.244,4137782.497,0.904206
298522.368,4137782.654,0.904185
298522.491,4137782.812,0.904164
298522.615,4137782.969,0.904141
298522.739,4137783.126,0.904117
298522.862,4137783.283,0.904094
298522.986,4137783.440,0.904074
298523.110,4137783.597,0.904056
298523.233,4137783.755,0.904039
298523.357,4137783.912,0.904025
298523.481,4137784.069,0.904013
298523.604,4137784.226,0.904003
298523.728,4137784.383,0.903994
298523.852,4137784.540,0.903988
298523.975,4137784.697,0.903984
298524.099,4137784.855,0.903981
298524.223,4137785.012,0.903977
298524.347,4137785.169,0.903973
298524.470,4137785.326,0.903969
298524.594,4137785.483,0.903964
298524.718,4137785.640,0.903958
298524.841,4137785.798,0.903953
298524.965,4137785.955,0.903946
298525.089,4137786.112,0.903939
298525.212,4137786.269,0.903932
298525.336,4137786.426,0.903924
298525.460,4137786.583,0.903916
298525.584,4137786.740,0.903907
298525.707,4137786.898,0.903897
298525.831,4137787.055,0.903888
298525.955,4137787.212,0.903879
298526.078,4137787.369,0.903876
298526.202,4137787.526,0.903878
298526.326,4137787.683,0.903885
298526.449,4137787.840,0.903898
298526.573,4137787.998,0.903915
298526.697,4137788.155,0.903937
298526.821,4137788.312,0.903964
298526.944,4137788.469,0.903996
298527.068,4137788.626,0.904033
298527.192,4137788.783,0.904075
298527.315,4137788.940,0.904115
298527.439,4137789.098,0.904150
298527.563,4137789.255,0.904179
298527.686,4137789.412,0.904205
298527.810,4137789.569,0.904225
298527.934,4137789.726,0.904240
298528.057,4137789.884,0.904251
298528.181,4137790.041,0.904256
298528.305,4137790.198,0.904257
298528.428,4137790.355,0.904253
298528.552,4137790.512,0.904244
298528.675,4137790.669,0.904231
298528.799,4137790.827,0.904212
298528.923,4137790.984,0.904189
298529.046,4137791.141,0.904160
298529.170,4137791.298,0.904122
298529.294,4137791.455,0.904072
298529.417,4137791.612,0.904011
298529.541,4137791.770,0.903939
298529.665,4137791.927,0.903855
298529.789,4137792.084,0.903761
298529.912,4137792.241,0.903655
298530.036,4137792.398,0.903538
298530.160,4137792.555,0.903409
298530.284,4137792.712,0.903270
298530.407,4137792.869,0.903128
298530.531,4137793.026,0.903015
298530.655,4137793.183,0.902934
298530.779,4137793.340,0.902883
298530.903,4137793.497,0.902864
298531.027,4137793.654,0.902876
298531.151,4137793.811,0.902919
298531.274,4137793.968,0.902993
298531.398,4137794.126,0.903099
298531.522,4137794.283,0.903235
298531.646,4137794.440,0.903403
298531.770,4137794.597,0.903602
298531.893,4137794.754,0.903833
298532.017,4137794.911,0.904094
298532.141,4137795.068,0.904387
298532.264,4137795.225,0.904666
298532.388,4137795.383,0.904809
298532.512,4137795.540,0.904807
298532.635,4137795.697,0.904685
298532.759,4137795.854,0.904548
298532.882,4137796.012,0.904410
298533.006,4137796.169,0.904271
298533.130,4137796.326,0.904131
298533.253,4137796.483,0.903990
298533.377,4137796.640,0.903848
298533.501,4137796.797,0.903706
298533.624,4137796.955,0.903562
298533.748,4137797.112,0.903417
298533.872,4137797.269,0.903271
298533.996,4137797.426,0.903124
298534.120,4137797.583,0.902976
298534.243,4137797.740,0.902827
298534.367,4137797.897,0.902678
298534.491,4137798.054,0.902538
298534.615,4137798.211,0.902444
298534.739,4137798.368,0.902398
298534.863,4137798.525,0.902400
298534.987,4137798.682,0.902449
298535.111,4137798.839,0.902547
298535.235,4137798.996,0.902693
298535.359,4137799.153,0.902886
298535.483,4137799.310,0.903128
298535.606,4137799.467,0.903417
298535.730,4137799.624,0.903755
298535.854,4137799.781,0.904140
298535.977,4137799.938,0.904573
298536.101,4137800.095,0.905054
298536.225,4137800.253,0.905584
298536.348,4137800.410,0.906132
298536.471,4137800.568,0.906632
298536.594,4137800.725,0.907082
298536.718,4137800.883,0.907482
298536.841,4137801.040,0.907832
298536.964,4137801.198,0.908131
298537.087,4137801.356,0.908380
298537.210,4137801.513,0.908579
298537.333,4137801.671,0.908728
298537.456,4137801.829,0.908826
298537.579,4137801.986,0.908875
298537.702,4137802.144,0.908873
298537.824,4137802.302,0.908820
298537.947,4137802.460,0.908718
298538.070,4137802.617,0.908565
298538.193,4137802.775,0.908353
298538.316,4137802.933,0.908062
298538.439,4137803.090,0.907689
298538.563,4137803.248,0.907234
298538.686,4137803.406,0.906699
298538.809,4137803.563,0.906161
298538.933,4137803.720,0.905678
298539.056,4137803.878,0.905250
298539.180,4137804.035,0.904877
298539.303,4137804.192,0.904558
298539.427,4137804.349,0.904295
298539.550,4137804.507,0.904086
298539.674,4137804.664,0.903932
298539.798,4137804.821,0.903832
298539.921,4137804.978,0.903788
298540.045,4137805.135,0.903798
298540.169,4137805.292,0.903863
298540.293,4137805.449,0.903983
298540.416,4137805.607,0.904158
298540.540,4137805.764,0.904388
298540.664,4137805.921,0.904631
298540.787,4137806.078,0.904855
298540.911,4137806.236,0.905059
298541.034,4137806.393,0.905244
298541.158,4137806.550,0.905410
298541.281,4137806.708,0.905556
298541.405,4137806.865,0.905681
298541.528,4137807.022,0.905778
298541.651,4137807.180,0.905848
298541.775,4137807.337,0.905890
298541.898,4137807.494,0.905904
298542.022,4137807.652,0.905891
298542.145,4137807.809,0.905850
298542.268,4137807.967,0.905781
298542.392,4137808.124,0.905684
298542.515,4137808.281,0.905560
298542.639,4137808.439,0.905408
298542.762,4137808.596,0.905228
298542.886,4137808.753,0.905020
298543.009,4137808.910,0.904785
298543.133,4137809.068,0.904522
298543.256,4137809.225,0.904247
298543.380,4137809.382,0.904001
298543.504,4137809.539,0.903785
298543.628,4137809.696,0.903600
298543.751,4137809.853,0.903445
298543.875,4137810.011,0.903321
298543.999,4137810.168,0.903227
298544.123,4137810.325,0.903153
298544.246,4137810.482,0.903099
298544.370,4137810.639,0.903063
298544.494,4137810.796,0.903047
298544.618,4137810.953,0.903049
298544.742,4137811.110,0.903071
298544.866,4137811.267,0.903111
298544.989,4137811.424,0.903170
298545.113,4137811.581,0.903249
298545.237,4137811.738,0.903346
298545.361,4137811.895,0.903462
298545.485,4137812.052,0.903598
298545.608,4137812.209,0.903752
298545.732,4137812.366,0.903925
298545.856,4137812.524,0.904109
298545.979,4137812.681,0.904236
298546.103,4137812.838,0.904292
298546.227,4137812.995,0.904277
298546.350,4137813.152,0.904192
298546.474,4137813.310,0.904043
298546.598,4137813.467,0.903893
298546.721,4137813.624,0.903760
298546.845,4137813.781,0.903643
298546.969,4137813.938,0.903544
298547.093,4137814.095,0.903461
298547.217,4137814.252,0.903395
298547.340,4137814.409,0.903346
298547.464,4137814.566,0.903313
298547.588,4137814.723,0.903298
298547.712,4137814.881,0.903299
298547.835,4137815.038,0.903317
298547.959,4137815.195,0.903352
298548.083,4137815.352,0.903403
298548.207,4137815.509,0.903472
298548.331,4137815.666,0.903561
298548.454,4137815.823,0.903710
298548.578,4137815.980,0.903931
298548.702,4137816.137,0.904224
298548.825,4137816.295,0.904588
298548.949,4137816.452,0.905005
298549.072,4137816.609,0.905383
298549.196,4137816.766,0.905710
298549.319,4137816.924,0.905986
298549.443,4137817.081,0.906211
298549.566,4137817.239,0.906385
298549.689,4137817.396,0.906508
298549.813,4137817.554,0.906580
298549.936,4137817.711,0.906602
298550.059,4137817.869,0.906572
298550.182,4137818.026,0.906491
298550.306,4137818.183,0.906360
298550.429,4137818.341,0.906177
298550.552,4137818.498,0.905944
298550.676,4137818.656,0.905659
298550.799,4137818.813,0.905366
298550.923,4137818.970,0.905266
298551.046,4137819.128,0.905386
298551.170,4137819.285,0.905728
298551.293,4137819.442,0.906291
298551.416,4137819.600,0.906942
298551.540,4137819.757,0.907461
298551.663,4137819.915,0.907845
298551.786,4137820.073,0.908094
298551.909,4137820.230,0.908207
298552.032,4137820.388,0.908184
298552.155,4137820.546,0.908027
298552.278,4137820.703,0.907734
298552.401,4137820.861,0.907306
298552.524,4137821.018,0.906743
298552.648,4137821.176,0.906044
298552.771,4137821.333,0.905210
298552.895,4137821.490,0.904240
298553.018,4137821.648,0.903201
298553.142,4137821.805,0.902265
298553.266,4137821.961,0.901442
298553.390,4137822.118,0.900730
298553.515,4137822.275,0.900131
298553.639,4137822.432,0.899644
298553.763,4137822.588,0.899270
298553.888,4137822.745,0.899007
298554.012,4137822.901,0.898857
298554.137,4137823.058,0.898819
298554.261,4137823.214,0.898893
298554.386,4137823.371,0.899079
298554.510,4137823.527,0.899377
298554.635,4137823.684,0.899788
298554.759,4137823.841,0.900311
298554.883,4137823.997,0.900925
298555.007,4137824.154,0.901519
298555.131,4137824.311,0.902077
298555.255,4137824.468,0.902599
298555.379,4137824.625,0.903084
298555.503,4137824.782,0.903534
298555.627,4137824.939,0.903947
298555.750,4137825.096,0.904323
298555.874,4137825.254,0.904664
298555.997,4137825.411,0.904968
298556.121,4137825.568,0.905237
298556.244,4137825.726,0.905469
298556.368,4137825.883,0.905664
298556.491,4137826.040,0.905824
298556.615,4137826.198,0.905947
298556.738,4137826.355,0.905989
298556.861,4137826.512,0.905778
298556.985,4137826.670,0.905487
298557.108,4137826.827,0.905241
298557.232,4137826.984,0.905040
298557.355,4137827.142,0.904883
298557.479,4137827.299,0.904770
298557.603,4137827.456,0.904703
298557.726,4137827.613,0.904679
298557.850,4137827.771,0.904701
298557.973,4137827.928,0.904767
298558.097,4137828.085,0.904877
298558.220,4137828.242,0.905032
298558.344,4137828.400,0.905232
298558.467,4137828.557,0.905476
298558.591,4137828.714,0.905765
298558.714,4137828.872,0.906097
298558.837,4137829.029,0.906461
298558.961,4137829.187,0.906850
298559.084,4137829.344,0.907265
298559.207,4137829.502,0.907705
298559.330,4137829.659,0.908171
298559.453,4137829.817,0.908662
298559.576,4137829.975,0.908799
298559.699,4137830.133,0.907935
298559.822,4137830.290,0.906058
298559.946,4137830.447,0.903169
298560.070,4137830.604,0.899785
298560.195,4137830.761,0.897077
298560.319,4137830.917,0.895090
298560.445,4137831.073,0.893823
298560.570,4137831.229,0.893277
298560.695,4137831.384,0.893451
298560.821,4137831.540,0.894346
298560.946,4137831.696,0.895961
298561.071,4137831.853,0.898297
298561.195,4137832.009,0.901354
298561.319,4137832.166,0.905131
298561.442,4137832.324,0.909606
298561.564,4137832.482,0.913390
298561.686,4137832.640,0.915671
298561.808,4137832.799,0.916450
298561.930,4137832.958,0.915726
298562.052,4137833.116,0.913500
298562.174,4137833.274,0.909770
298562.297,4137833.432,0.904538
298562.421,4137833.589,0.902554
298562.545,4137833.746,0.902816
298562.669,4137833.903,0.903057
298562.793,4137834.060,0.903277
298562.917,4137834.217,0.903476
298563.040,4137834.374,0.903654
298563.164,4137834.531,0.903811
298563.288,4137834.688,0.903947
298563.412,4137834.846,0.904063
298563.535,4137835.003,0.904157
298563.659,4137835.160,0.904230
298563.783,4137835.317,0.904283
298563.906,4137835.474,0.904314
298564.030,4137835.632,0.904324
298564.154,4137835.789,0.904314
298564.277,4137835.946,0.904287
298564.401,4137836.103,0.904261
298564.524,4137836.260,0.904236
298564.648,4137836.417,0.904212
298564.772,4137836.575,0.904190
298564.895,4137836.732,0.904170
298565.019,4137836.889,0.904151
298565.143,4137837.046,0.904134
298565.266,4137837.203,0.904118
298565.390,4137837.360,0.904104
298565.514,4137837.518,0.904091
298565.637,4137837.675,0.904080
298565.761,4137837.832,0.904070
298565.885,4137837.989,0.904062
298566.008,4137838.146,0.904055
298566.132,4137838.303,0.904050
298566.256,4137838.461,0.904044
298566.380,4137838.618,0.904038
298566.503,4137838.775,0.904031
298566.627,4137838.932,0.904024
298566.751,4137839.089,0.904017
298566.874,4137839.246,0.904010
298566.998,4137839.404,0.904002
298567.122,4137839.561,0.903993
298567.245,4137839.718,0.903985
298567.369,4137839.875,0.903975
298567.493,4137840.032,0.903966
298567.616,4137840.189,0.903956
298567.740,4137840.346,0.903946
298567.864,4137840.504,0.903936
298567.987,4137840.661,0.903925
298568.111,4137840.818,0.903915
298568.235,4137840.975,0.903907
298568.359,4137841.132,0.903899
298568.482,4137841.289,0.903893
298568.606,4137841.446,0.903887
298568.730,4137841.604,0.903882
298568.853,4137841.761,0.903878
298568.977,4137841.918,0.903875
298569.101,4137842.075,0.903873
298569.225,4137842.232,0.903873
298569.348,4137842.389,0.903873
298569.472,4137842.546,0.903874
298569.596,4137842.704,0.903875
298569.719,4137842.861,0.903878
298569.843,4137843.018,0.903883
298569.967,4137843.175,0.903890
298570.091,4137843.332,0.903899
298570.214,4137843.489,0.903911
298570.338,4137843.646,0.903925
298570.462,4137843.804,0.903942
298570.585,4137843.961,0.903962
298570.709,4137844.118,0.903984
298570.833,4137844.275,0.904009
298570.956,4137844.432,0.904036
298571.080,4137844.589,0.904065
298571.204,4137844.747,0.904098
298571.327,4137844.904,0.904132
298571.451,4137845.061,0.904170
298571.575,4137845.218,0.904209
298571.698,4137845.375,0.904244
298571.822,4137845.532,0.904263
298571.946,4137845.690,0.904264
298572.069,4137845.847,0.904248
298572.193,4137846.004,0.904215
298572.317,4137846.161,0.904164
298572.440,4137846.318,0.904097
298572.564,4137846.475,0.904013
298572.688,4137846.633,0.903912
298572.811,4137846.790,0.903793
298572.935,4137846.947,0.903658
298573.059,4137847.104,0.903505
298573.183,4137847.261,0.903335
298573.306,4137847.418,0.903149
298573.430,4137847.575,0.902945
298573.554,4137847.732,0.902750
298573.678,4137847.889,0.902601
298573.802,4137848.046,0.902499
298573.926,4137848.203,0.902443
298574.050,4137848.360,0.902434
298574.174,4137848.517,0.902471
298574.298,4137848.674,0.902555
298574.422,4137848.831,0.902685
298574.545,4137848.988,0.902862
298574.669,4137849.145,0.903085
298574.793,4137849.302,0.903355
298574.917,4137849.459,0.903671
298575.041,4137849.616,0.904026
298575.164,4137849.773,0.904147
298575.288,4137849.931,0.903904
298575.412,4137850.088,0.903494
298575.536,4137850.245,0.903149
298575.659,4137850.402,0.902869
298575.783,4137850.559,0.902653
298575.907,4137850.716,0.902503
298576.031,4137850.873,0.902418
298576.155,4137851.030,0.902398
298576.279,4137851.187,0.902443
298576.403,4137851.344,0.902554
298576.527,4137851.501,0.902729
298576.651,4137851.658,0.902969
298576.775,4137851.815,0.903269
298576.898,4137851.972,0.903567
298577.022,4137852.129,0.903847
298577.146,4137852.286,0.904109
298577.269,4137852.443,0.904353
298577.393,4137852.600,0.904579
298577.517,4137852.758,0.904786
298577.640,4137852.915,0.904976
298577.764,4137853.072,0.905148
298577.887,4137853.230,0.905301
298578.011,4137853.387,0.905436
298578.134,4137853.544,0.905553
298578.257,4137853.702,0.905652
298578.381,4137853.859,0.905733
298578.504,4137854.016,0.905796
298578.628,4137854.174,0.905840
298578.751,4137854.331,0.905857
298578.875,4137854.488,0.905848
298578.998,4137854.646,0.905810
298579.121,4137854.803,0.905745
298579.245,4137854.961,0.905652
298579.368,4137855.118,0.905532
298579.492,4137855.275,0.905384
298579.615,4137855.433,0.905208
298579.739,4137855.590,0.905005
298579.862,4137855.747,0.904774
298579.986,4137855.904,0.904515
298580.109,4137856.062,0.904228
298580.233,4137856.219,0.903914
298580.357,4137856.376,0.903575
298580.481,4137856.533,0.903255
298580.604,4137856.690,0.902975
298580.728,4137856.847,0.902734
298580.852,4137857.004,0.902533
298580.976,4137857.161,0.902371
298581.100,4137857.318,0.902248
298581.224,4137857.475,0.902165
298581.348,4137857.632,0.902121
298581.472,4137857.789,0.902117
298581.596,4137857.946,0.902152
298581.720,4137858.103,0.902226
298581.844,4137858.259,0.902340
298581.968,4137858.416,0.902493
298582.092,4137858.573,0.902686
298582.216,4137858.730,0.902918
298582.340,4137858.887,0.903170
298582.463,4137859.045,0.903387
298582.587,4137859.202,0.903564
298582.711,4137859.359,0.903701
298582.835,4137859.516,0.903798
298582.958,4137859.673,0.903855
298583.082,4137859.830,0.903873
298583.206,4137859.987,0.903850
298583.329,4137860.144,0.903788
298583.453,4137860.301,0.903686
298583.577,4137860.459,0.903545
298583.701,4137860.616,0.903363
298583.824,4137860.773,0.903142
298583.948,4137860.930,0.902881
298584.072,4137861.087,0.902580
298584.196,4137861.244,0.902558
298584.320,4137861.401,0.903170
298584.444,4137861.558,0.903724
298584.567,4137861.715,0.904199
298584.691,4137861.872,0.904595
298584.815,4137862.029,0.904912
298584.938,4137862.187,0.905150
298585.062,4137862.344,0.905309
298585.185,4137862.501,0.905390
298585.309,4137862.659,0.905391
298585.432,4137862.816,0.905314
298585.556,4137862.973,0.905157
298585.679,4137863.131,0.904922
298585.803,4137863.288,0.904608
298585.926,4137863.445,0.904214
298586.050,4137863.602,0.903742
298586.174,4137863.759,0.903434
298586.298,4137863.916,0.903661
298586.421,4137864.074,0.904283
298586.545,4137864.231,0.904880
298586.668,4137864.388,0.905426
298586.792,4137864.545,0.905921
298586.915,4137864.703,0.906364
298587.038,4137864.860,0.906755
298587.162,4137865.018,0.907095
298587.285,4137865.175,0.907384
298587.408,4137865.333,0.907621
298587.531,4137865.491,0.907806
298587.654,4137865.648,0.907941
298587.777,4137865.806,0.908023
298587.900,4137865.964,0.908054
298588.023,4137866.121,0.908034
298588.146,4137866.279,0.907962
298588.269,4137866.436,0.907600
298588.393,4137866.594,0.906448
298588.516,4137866.751,0.905127
298588.640,4137866.909,0.903932
298588.763,4137867.066,0.902861
298588.887,4137867.223,0.901916
298589.011,4137867.379,0.901096
298589.136,4137867.536,0.900401
298589.260,4137867.693,0.899831
298589.384,4137867.849,0.899387
298589.509,4137868.006,0.899067
298589.633,4137868.163,0.898873
298589.758,4137868.319,0.898804
298589.882,4137868.476,0.898860
298590.007,4137868.632,0.899041
298590.131,4137868.789,0.899347
298590.256,4137868.945,0.899767
298590.380,4137869.102,0.900117
298590.504,4137869.259,0.900349
298590.628,4137869.415,0.900529
298590.753,4137869.572,0.900669
298590.877,4137869.729,0.900769
298591.001,4137869.886,0.900829
298591.125,4137870.042,0.900849
298591.249,4137870.199,0.900829
298591.374,4137870.356,0.900769
298591.498,4137870.513,0.900669
298591.622,4137870.669,0.900528
298591.746,4137870.826,0.900348
298591.871,4137870.983,0.900127
298591.995,4137871.139,0.899867
298592.119,4137871.296,0.899566
298592.244,4137871.453,0.899225
298592.368,4137871.609,0.899071
298592.492,4137871.766,0.900055
298592.617,4137871.923,0.902038
298592.740,4137872.080,0.903944
298592.864,4137872.237,0.905644
298592.987,4137872.394,0.907136
298593.110,4137872.552,0.908421
298593.233,4137872.710,0.909499
298593.356,4137872.868,0.910370
298593.479,4137873.026,0.911035
298593.601,4137873.184,0.911492
298593.724,4137873.342,0.911742
298593.846,4137873.500,0.911785
298593.969,4137873.658,0.911622
298594.091,4137873.816,0.911251
298594.214,4137873.974,0.910673
298594.336,4137874.132,0.909889
298594.459,4137874.290,0.908962
298594.582,4137874.447,0.908100
298594.705,4137874.605,0.907297
298594.829,4137874.763,0.906542
298594.952,4137874.920,0.905833
298595.075,4137875.077,0.905172
298595.199,4137875.235,0.904557
298595.323,4137875.392,0.903989
298595.446,4137875.549,0.903469
298595.570,4137875.706,0.902995
298595.694,4137875.863,0.902568
298595.818,4137876.020,0.902189
298595.942,4137876.177,0.901856
298596.066,4137876.334,0.901570
298596.190,4137876.491,0.901331
298596.314,4137876.647,0.901140
298596.438,4137876.804,0.901018
298596.563,4137876.961,0.901515
298596.687,4137877.118,0.902389
298596.810,4137877.275,0.903184
298596.934,4137877.432,0.903901
298597.058,4137877.589,0.904539
298597.181,4137877.746,0.905098
298597.305,4137877.904,0.905579
298597.428,4137878.061,0.905982
298597.552,4137878.219,0.906306
298597.675,4137878.376,0.906551
298597.798,4137878.533,0.906718
298597.921,4137878.691,0.906807
298598.045,4137878.848,0.906816
298598.168,4137879.006,0.906748
298598.291,4137879.163,0.906600
298598.415,4137879.321,0.906375
298598.538,4137879.478,0.906124
298598.661,4137879.636,0.905890
298598.785,4137879.793,0.905671
298598.908,4137879.950,0.905469
298599.032,4137880.108,0.905282
298599.155,4137880.265,0.905112
298599.279,4137880.422,0.904957
298599.402,4137880.580,0.904819
298599.526,4137880.737,0.904697
298599.649,4137880.894,0.904590
298599.773,4137881.051,0.904500
298599.897,4137881.209,0.904426
298600.020,4137881.366,0.904368
298600.144,4137881.523,0.904326
298600.267,4137881.680,0.904300
298600.391,4137881.837,0.904290
298600.515,4137881.995,0.904296
298600.638,4137882.152,0.904318
298600.762,4137882.309,0.904356
298600.886,4137882.466,0.904410
298601.009,4137882.623,0.904480
298601.133,4137882.781,0.904566
298601.256,4137882.938,0.904668
298601.380,4137883.095,0.904786
