x,y,yaw,kappa,mode
0.000000000000,0.000000000000,0.616715696353,-0.020937671013,0
0.200000000000,0.141003015332,0.611381714030,-0.022661797035,0
0.400000000000,0.280355272820,0.605645361134,-0.024408718460,0
0.600000000000,0.417950709591,0.599505606918,-0.026179339361,0
0.800000000000,0.553685608048,0.592961497169,-0.027974325082,0
1.000000000000,0.687458710401,0.586012199706,-0.029794076860,0
1.200000000000,0.819171329851,0.578657053242,-0.031638704898,0
1.400000000000,0.948727458308,0.570895619610,-0.033508000077,0
1.600000000000,1.076033870489,0.562727739331,-0.035401404551,0
1.800000000000,1.201000224270,0.554153590419,-0.037317981573,0
2.000000000000,1.323539157157,0.545173750282,-0.039256384962,0
2.200000000000,1.443566378760,0.535789260496,-0.041214828761,0
2.400000000000,1.561000759150,0.526001694148,-0.043191057687,0
2.600000000000,1.675764412985,0.515813225352,-0.045182319149,0
2.800000000000,1.787782779298,0.505226700438,-0.047185337649,0
3.000000000000,1.896984696856,0.494245710220,-0.049196292532,0
3.200000000000,2.003302474974,0.482874662625,-0.051210800133,0
3.400000000000,2.106671959729,0.471118854847,-0.053223901420,0
3.600000000000,2.207032595453,0.458984544080,-0.055230056340,0
3.800000000000,2.304327481468,0.446479015777,-0.057223146019,0
4.000000000000,2.398503423959,0.433610648256,-0.059196484033,0
4.200000000000,2.489510982950,0.420388972409,-0.061142837826,0
4.400000000000,2.577304514313,0.406824725172,-0.063054461282,0
4.600000000000,2.661842206757,0.392929895384,-0.064923139247,0
4.800000000000,2.743086113776,0.378717760637,-0.066740244576,0
5.000000000000,2.821002180488,0.364202913721,-0.068496807939,0
5.200000000000,2.895560265368,0.349401277362,-0.070183600291,0
5.400000000000,2.966734156834,0.334330106005,-0.071791227461,0
5.600000000000,3.034501584677,0.319007973585,-0.073310235871,0
5.800000000000,3.098844226326,0.303454746393,-0.074731227899,0
6.000000000000,3.159747707952,0.287691540420,-0.076044984948,0
6.200000000000,3.217201600410,0.271740662803,-0.077242595781,0
6.400000000000,3.271199410037,0.255625537376,-0.078315587318,0
6.600000000000,3.321738564324,0.239370614618,-0.079256054744,0
6.800000000000,3.368820392491,0.223001266716,-0.080056787552,0
7.000000000000,3.412450100996,0.206543668788,-0.080711388067,0
7.200000000000,3.452636744024,0.190024667684,-0.081214379034,0
7.400000000000,3.489393188994,0.173471640148,-0.081561297050,0
7.600000000000,3.522736077151,0.156912342369,-0.081748768982,0
7.800000000000,3.552685779293,0.140374753245,-0.081774568983,0
8.000000000000,3.579266346704,0.123886913830,-0.081637654339,0
8.200000000000,3.602505457370,0.107476765563,-0.081338179065,0
8.400000000000,3.622434357555,0.091171989906,-0.080877484907,0
8.600000000000,3.639087798825,0.074999851958,-0.080258070196,0
8.800000000000,3.652503970605,0.058987050510,-0.079483537699,0
9.000000000000,3.662724428384,0.043159576793,-0.078558523311,0
9.200000000000,3.669794017658,0.027542583916,-0.077488608000,0
9.400000000000,3.673760793722,0.012160268703,-0.076280215862,0
9.600000000000,3.674675937436,-0.002964232737,-0.074940501471,0
9.800000000000,3.672593667081,-0.017808934708,-0.073477229847,0
10.000000000000,3.667571146422,-0.032353076294,-0.071898652431,0
10.200000000000,3.659668389129,-0.046577180133,-0.070213382292,0
10.400000000000,3.648948159673,-0.060463095713,-0.068430271602,0
10.600000000000,3.635475870852,-0.073994027603,-0.066558294055,0
10.800000000000,3.619319478079,-0.087154549318,-0.064606434545,0
11.000000000000,3.600549370601,-0.099930603754,-0.062583587938,0
11.200000000000,3.579238259774,-0.112309491317,-0.060498468365,0
11.400000000000,3.555461064586,-0.124279847017,-0.058359529965,0
11.600000000000,3.529294794559,-0.135831607870,-0.056174899612,0
11.800000000000,3.500818430215,-0.146955972047,-0.053952321748,0
12.000000000000,3.470112801260,-0.157645351155,-0.051699115135,0
12.200000000000,3.437260462668,-0.167893317084,-0.049422141017,0
12.400000000000,3.402345568833,-0.177694544728,-0.047127781993,0
12.600000000000,3.365453745963,-0.187044751877,-0.044821930713,0
12.800000000000,3.326671962903,-0.195940637427,-0.042509987420,0
13.000000000000,3.286088400553,-0.204379818990,-0.040196865268,0
13.200000000000,3.243792320078,-0.212360770840,-0.037887002352,0
13.400000000000,3.199873930090,-0.219882763046,-0.035584379385,0
13.600000000000,3.154424252976,-0.226945802481,-0.033292542006,0
13.800000000000,3.107534990574,-0.233550576339,-0.031014626767,0
14.000000000000,3.059298389369,-0.239698398620,-0.028753389913,0
14.200000000000,3.009807105411,-0.245391160001,-0.026511238183,0
14.400000000000,2.959154069130,-0.250631281375,-0.024290260909,0
14.600000000000,2.907432350239,-0.255421671270,-0.022092262822,0
14.800000000000,2.854735022916,-0.259765687293,-0.019918797043,0
15.000000000000,2.801155031449,-0.263667101654,-0.017771197805,0
15.200000000000,2.746785056528,-0.267130070802,-0.015650612559,0
15.400000000000,2.691717382369,-0.270159109103,-0.013558033155,0
15.600000000000,2.636043764862,-0.272759066500,-0.011494325867,0
15.800000000000,2.579855300908,-0.274935110023,-0.009460260070,0
16.000000000000,2.523242299146,-0.276692708993,-0.007456535417,0
16.200000000000,2.466294152225,-0.278037623744,-0.005483807414,0
16.400000000000,2.409099210822,-0.278975897658,-0.003542711297,0
16.600000000000,2.351744659556,-0.279513852289,-0.001633884147,0
16.800000000000,2.294316394987,-0.279658085340,0.000242014811,0
17.000000000000,2.236898905856,-0.279415471238,0.002084285765,0
17.200000000000,2.179575155729,-0.278793164044,0.003892171767,0
17.400000000000,2.122426468224,-0.277798602415,0.005664844115,0
17.600000000000,2.065532414953,-0.276439516346,0.007401389693,0
17.800000000000,2.008970706347,-0.274723935392,0.009100800310,0
18.000000000000,1.952817085520,-0.272660198061,0.010761964063,0
18.200000000000,1.897145225294,-0.270256962093,0.012383658768,0
18.400000000000,1.842026628548,-0.267523215291,0.013964547479,0
18.600000000000,1.787530532017,-0.264468286615,0.015503176139,0
18.800000000000,1.733723813674,-0.261101857193,0.016997973376,0
19.000000000000,1.680670903812,-0.257433970963,0.018447252463,0
19.200000000000,1.628433699969,-0.253475044613,0.019849215455,0
19.400000000000,1.577071485780,-0.249235876515,0.021201959482,0
19.600000000000,1.526640853899,-0.244727654359,0.022503485175,0
19.800000000000,1.477195633065,-0.239961961183,0.023751707177,0
20.000000000000,1.428786819432,-0.234950779537,0.024944466656,0
20.200000000000,1.381462512246,-0.229706493506,0.026079545734,0
20.400000000000,1.335267853951,-0.224241888381,0.027154683671,0
20.600000000000,1.290244974817,-0.218570147731,0.028167594667,0
20.800000000000,1.246432942149,-0.212704847732,0.029115987064,0
21.000000000000,1.203867714155,-0.206659948582,0.029997583729,0
21.200000000000,1.162582098529,-0.200449782890,0.030810143348,0
21.400000000000,1.122605715800,-0.194089040989,0.031551482350,0
21.600000000000,1.083964967504,-0.187592753124,0.032219497141,0
21.800000000000,1.046683009211,-0.180976268538,0.032812186323,0
22.000000000000,1.010779728442,-0.174255231522,0.033327672535,0
22.200000000000,0.976271727508,-0.167445554538,0.033764223598,0
22.400000000000,0.943172311284,-0.160563388566,0.034120272572,0
22.600000000000,0.911491479942,-0.153625090866,0.034394436430,0
22.800000000000,0.881235926636,-0.146647190410,0.034585532999,0
23.000000000000,0.852409040150,-0.139646351250,0.034692595895,0
23.200000000000,0.825010912491,-0.132639334127,0.034714887187,0
23.400000000000,0.799038351428,-0.125642956666,0.034651907594,0
23.600000000000,0.774484897937,-0.118674052513,0.034503404037,0
23.800000000000,0.751340848538,-0.111749429779,0.034269374453,0
24.000000000000,0.729593282486,-0.104885829173,0.033950069811,0
24.200000000000,0.709226093766,-0.098099882204,0.033545993359,0
24.400000000000,0.690220027858,-0.091408069821,0.033057897146,0
24.600000000000,0.672552723208,-0.084826681839,0.032486775976,0
24.800000000000,0.656198757340,-0.078371777497,0.031833858947,0
25.000000000000,0.641129697551,-0.072059147446,0.031100598826,0
25.200000000000,0.627314156108,-0.065904277432,0.030288659516,0
25.400000000000,0.614717849869,-0.059922313923,0.029399901925,0
25.600000000000,0.603303664237,-0.054128031863,0.028436368570,0
25.800000000000,0.593031721362,-0.048535804699,0.027400267252,0
26.000000000000,0.583859452482,-0.043159576793,0.026293954164,0
26.200000000000,0.575741674309,-0.038012838266,0.025119916786,0
26.400000000000,0.568630669340,-0.033108602298,0.023880756898,0
26.600000000000,0.562476269988,-0.028459384835,0.022579174056,0
26.800000000000,0.557225946397,-0.024077186654,0.021217949818,0
27.000000000000,0.552824897833,-0.019973477648,0.019799933000,0
27.200000000000,0.549216147504,-0.016159183214,0.018328026208,0
27.400000000000,0.546340640687,-0.012644672549,0.016805173833,0
27.600000000000,0.544137346001,-0.009439748672,0.015234351694,0
27.800000000000,0.542543359710,-0.006553639943,0.013618558435,0
28.000000000000,0.541494012881,-0.003994992850,0.011960808765,0
28.200000000000,0.540922981255,-0.001771865835,0.010264128587,0
28.400000000000,0.540762397675,0.000108276103,0.008531552000,0
28.600000000000,0.540942966906,0.001638566259,0.006766120166,0
28.800000000000,0.541394082686,0.002812740762,0.004970881932,0
29.000000000000,0.542043946842,0.003625143037,0.003148896138,0
29.200000000000,0.542819690295,0.004070728382,0.001303235437,0
29.400000000000,0.543647495786,0.004145068868,-0.000563008523,0
29.600000000000,0.544452722155,0.003844358710,-0.002446718749,0
29.800000000000,0.545160029973,0.003165420252,-0.004344745628,0
30.000000000000,0.545693508378,0.002105710674,-0.006253898947,0
30.200000000000,0.545976802910,0.000663329492,-0.008170939493,0
30.400000000000,0.545933244171,-0.001162973118,-0.010092570491,0
30.600000000000,0.545485977136,-0.003373787166,-0.012015429213,0
30.800000000000,0.544558090905,-0.005969032906,-0.013936079022,0
31.000000000000,0.543072748745,-0.008947950198,-0.015851002211,0
31.200000000000,0.540953318206,-0.012309087281,-0.017756593923,0
31.400000000000,0.538123501140,-0.016050289146,-0.019649157495,0
31.600000000000,0.534507463441,-0.020168685688,-0.021524901538,0
31.800000000000,0.530029964304,-0.024660679907,-0.023379939042,0
32.000000000000,0.524616484839,-0.029521936424,-0.025210288819,0
32.200000000000,0.518193355836,-0.034747370653,-0.027011879520,0
32.400000000000,0.510687884515,-0.040331138940,-0.028780556472,0
32.600000000000,0.502028480068,-0.046266630092,-0.030512091510,0
32.800000000000,0.492144777820,-0.052546458648,-0.032202195951,0
33.000000000000,0.480967761823,-0.059162460324,-0.033846536782,0
33.200000000000,0.468429885719,-0.066105690041,-0.035440756071,0
33.400000000000,0.454465191685,-0.073366422943,-0.036980493547,0
33.600000000000,0.439009427299,-0.080934158798,-0.038461412198,0
33.800000000000,0.422000160157,-0.088797630166,-0.039879226659,0
34.000000000000,0.403376890065,-0.096944814673,-0.041229734080,0
34.200000000000,0.383081158667,-0.105362951681,-0.042508847062,0
34.400000000000,0.361056656319,-0.114038563606,-0.043712628184,0
34.600000000000,0.337249326092,-0.122957482061,-0.044837325546,0
34.800000000000,0.311607464714,-0.132104878928,-0.045879408701,0
35.000000000000,0.284081820336,-0.141465302397,-0.046835604295,0
35.200000000000,0.254625686962,-0.151022717898,-0.047702930677,0
35.400000000000,0.223194995413,-0.160760553791,-0.048478730737,0
35.600000000000,0.189748400685,-0.170661751559,-0.049160702243,0
35.800000000000,0.154247365583,-0.180708820182,-0.049746924941,0
36.000000000000,0.116656240498,-0.190883894270,-0.050235883749,0
36.200000000000,0.076942339217,-0.201168795436,-0.050626487457,0
36.400000000000,0.035076010646,-0.211545096351,-0.050918082408,0
36.600000000000,-0.008969293650,-0.221994186827,-0.051110460762,0
36.800000000000,-0.055216956205,-0.232497341228,-0.051203863075,0
37.000000000000,-0.103687134788,-0.243035786496,-0.051198975037,0
37.200000000000,-0.154396708019,-0.253590770024,-0.051096918375,0
37.400000000000,-0.207359225538,-0.264143626622,-0.050899236058,0
37.600000000000,-0.262584862813,-0.274675843837,-0.050607872081,0
37.800000000000,-0.320080380647,-0.285169124902,-0.050225146218,0
38.000000000000,-0.379849089457,-0.295605448640,-0.049753724279,0
38.200000000000,-0.441890818378,-0.305967125699,-0.049196584448,0
38.400000000000,-0.506201889242,-0.316236850574,-0.048556980408,0
38.600000000000,-0.572775095479,-0.326397748931,-0.047838401970,0
38.800000000000,-0.641599685972,-0.336433419855,-0.047044533963,0
39.000000000000,-0.712661353907,-0.346327972701,-0.046179214143,0
39.200000000000,-0.785942230627,-0.356066058364,-0.045246390869,0
39.400000000000,-0.861420884519,-0.365632894829,-0.044250081245,0
39.600000000000,-0.939072324935,-0.375014286974,-0.043194330366,0
39.800000000000,-1.018868011158,-0.384196640687,-0.042083172259,0
40.000000000000,-1.100775866403,-0.393166971420,-0.040920593011,0
40.200000000000,-1.184760296843,-0.401912907380,-0.039710496486,0
40.400000000000,-1.270782215641,-0.410422687613,-0.038456672972,0
40.600000000000,-1.358799071967,-0.418685155306,-0.037162770975,0
40.800000000000,-1.448764884969,-0.426689746636,-0.035832272310,0
41.000000000000,-1.540630282647,-0.434426475570,-0.034468470568,0
41.200000000000,-1.634342545603,-0.441885915012,-0.033074452934,0
41.400000000000,-1.729845655600,-0.449059174708,-0.031653085299,0
41.600000000000,-1.827080348883,-0.455937876355,-0.030207000535,0
41.800000000000,-1.925984174182,-0.462514126306,-0.028738589772,0
42.000000000000,-2.026491555341,-0.468780486311,-0.027249996460,0
42.200000000000,-2.128533858485,-0.474729942673,-0.025743113005,0
42.400000000000,-2.232039463641,-0.480355874219,-0.024219579722,0
42.600000000000,-2.336933840732,-0.485652019424,-0.022680785866,0
42.800000000000,-2.443139629827,-0.490612443055,-0.021127872495,0
43.000000000000,-2.550576725568,-0.495231502623,-0.019561736904,0
43.200000000000,-2.659162365650,-0.499503814948,-0.017983038435,0
43.400000000000,-2.768811223244,-0.503424223094,-0.016392205422,0
43.600000000000,-2.879435503245,-0.506987763923,-0.014789443098,0
43.800000000000,-2.990945042216,-0.510189636480,-0.013174742286,0
44.000000000000,-3.103247411907,-0.513025171418,-0.011547888748,0
44.200000000000,-3.216248026200,-0.515489801632,-0.009908473059,0
44.400000000000,-3.329850251352,-0.517579034291,-0.008255900934,0
44.600000000000,-3.443955519389,-0.519288424397,-0.006589403932,0
44.800000000000,-3.558463444494,-0.520613550039,-0.004908050523,0
45.000000000000,-3.673271942251,-0.521549989467,-0.003210757502,0
45.200000000000,-3.788277351574,-0.522093300134,-0.001496301768,0
45.400000000000,-3.903374559160,-0.522238999826,0.000236667469,0
45.600000000000,-4.018457126324,-0.521982550036,0.001989615987,0
45.800000000000,-4.133417418010,-0.521319341712,0.003764111263,0
46.000000000000,-4.248146733842,-0.520244683534,0.005561808457,0
46.200000000000,-4.362535441024,-0.518753792888,0.007384435539,0
46.400000000000,-4.476473108916,-0.516841789705,0.009233777371,0
46.600000000000,-4.589848645102,-0.514503693352,0.011111658576,0
46.800000000000,-4.702550432781,-0.511734422789,0.013019924965,0
47.000000000000,-4.814466469284,-0.508528800212,0.014960423316,0
47.200000000000,-4.925484505548,-0.504881558419,0.016934979245,0
47.400000000000,-5.035492186339,-0.500787352162,0.018945372949,0
47.600000000000,-5.144377191061,-0.496240773764,0.020993312546,0
47.800000000000,-5.252027374946,-0.491236373288,0.023080404779,0
48.000000000000,-5.358330910441,-0.485768683571,0.025208122828,0
48.200000000000,-5.463176428605,-0.479832250434,0.027377771039,0
48.400000000000,-5.566453160326,-0.473421668389,0.029590446348,0
48.600000000000,-5.668051077159,-0.466531622165,0.031846996292,0
48.800000000000,-5.767861031615,-0.459156934352,0.034147973503,0
49.000000000000,-5.865774896697,-0.451292619458,0.036493586712,0
49.200000000000,-5.961685704498,-0.442933944625,0.038883648358,0
49.400000000000,-6.055487783679,-0.434076497209,0.041317519048,0
49.600000000000,-6.147076895641,-0.424716259357,0.043794049261,0
49.800000000000,-6.236350369208,-0.414849689637,0.046311518878,0
50.000000000000,-6.323207233628,-0.404473811661,0.048867575326,0
50.200000000000,-6.407548349739,-0.393586309504,0.051459171371,0
50.400000000000,-6.489276539094,-0.382185629586,0.054082503845,0
50.600000000000,-6.568296710886,-0.370271088474,0.056732954897,0
50.800000000000,-6.644515986503,-0.357842985868,0.059405037613,0
51.000000000000,-6.717843821536,-0.344902721787,0.062092348180,0
51.200000000000,-6.788192125083,-0.331452916734,0.064787526996,0
51.400000000000,-6.855475376181,-0.317497533311,0.067482231407,0
51.600000000000,-6.919610737212,-0.303041997509,0.070167122879,0
51.800000000000,-6.980518164130,-0.288093317569,0.072831871536,0
52.000000000000,-7.038120513352,-0.272660198061,0.075465180948,0
52.200000000000,-7.092343645183,-0.256753146559,0.078054835888,0
52.400000000000,-7.143116523617,-0.240384570075,0.080587775458,0
52.600000000000,-7.190371312388,-0.223568858246,0.083050193442,0
52.800000000000,-7.234043467138,-0.206322450197,0.085427667038,0
53.000000000000,-7.274071823579,-0.188663881987,0.087705314218,0
53.200000000000,-7.310398681521,-0.170613811662,0.089867978853,0
53.400000000000,-7.342969884662,-0.152195019180,0.091900441506,0
53.600000000000,-7.371734896017,-0.133432378821,0.093787652459,0
53.800000000000,-7.396646868899,-0.114352802199,0.095514982172,0
54.000000000000,-7.417662713341,-0.094985150603,0.097068483049,0
54.200000000000,-7.434743157870,-0.075360116148,0.098435155268,0
54.400000000000,-7.447852806552,-0.055510072028,0.099603208464,0
54.600000000000,-7.456960191231,-0.035468893071,0.100562310556,0
54.800000000000,-7.462037818877,-0.015271748708,0.101303814798,0
55.000000000000,-7.463062213991,0.005045128630,0.101820956515,0
55.200000000000,-7.460013956002,0.025444695818,0.102109011744,0
55.400000000000,-7.452877711598,0.045889367471,0.102165411309,0
55.600000000000,-7.441642261952,0.066341295297,0.101989805534,0
55.800000000000,-7.426300524806,0.086762652809,0.101584076778,0
56.000000000000,-7.406849571367,0.107115919574,0.100952299188,0
56.200000000000,-7.383290638012,0.127364159257,0.100100647267,0
56.400000000000,-7.355629132754,0.147471285883,0.099037256989,0
56.600000000000,-7.323874636487,0.167402313229,0.097772045087,0
56.800000000000,-7.288040898990,0.187123582847,0.096316493644,0
57.000000000000,-7.248145829687,0.206602966961,0.094683408245,0
57.200000000000,-7.204211483193,0.225810043351,0.092886658526,0
57.400000000000,-7.156264039638,0.244716240250,0.090940910090,0
57.600000000000,-7.104333779812,0.263294950167,0.088861356423,0
57.800000000000,-7.048455055154,0.281521612479,0.086663458703,0
58.000000000000,-6.988666252615,0.299373765403,0.084362700355,0
58.200000000000,-6.925009754459,0.316831068736,0.081974361971,0
58.400000000000,-6.857531893025,0.333875299293,0.079513320791,0
58.600000000000,-6.786282900538,0.350490321505,0.076993877621,0
58.800000000000,-6.711316854007,0.366662035936,0.074429612669,0
59.000000000000,-6.632691615301,0.382378308727,0.071833270618,0
59.200000000000,-6.550468766465,0.397628885030,0.069216674189,0
59.400000000000,-6.464713540371,0.412405289527,0.066590664618,0
59.600000000000,-6.375494746788,0.426700716992,0.063965066821,0
59.800000000000,-6.282884693967,0.440509915702,0.061348676589,0
60.000000000000,-6.186959105847,0.453829066272,0.058749266888,0
60.200000000000,-6.087797034988,0.466655658228,0.056173610241,0
60.400000000000,-5.985480771341,0.478988366351,0.053627514214,0
60.600000000000,-5.880095746978,0.490826928537,0.051115867153,0
60.800000000000,-5.771730436911,0.502172026633,0.048642691535,0
61.000000000000,-5.660476256119,0.513025171418,0.046211202576,0
61.200000000000,-5.546427452927,0.523388592686,0.043823870007,0
61.400000000000,-5.429680998870,0.533265135100,0.041482481249,0
61.600000000000,-5.310336475196,0.542658160319,0.039188204527,0
61.800000000000,-5.188495956144,0.551571455706,0.036941650710,0
62.000000000000,-5.064263889164,0.560009149772,0.034742932964,0
62.200000000000,-4.937746972220,0.567975634382,0.032591723529,0
62.400000000000,-4.809054028359,0.575475493633,0.030487307114,0
62.600000000000,-4.678295877688,0.582513439265,0.028428630610,0
62.800000000000,-4.545585206940,0.589094252358,0.026414348959,0
63.000000000000,-4.411036436801,0.595222731057,0.024442867122,0
63.200000000000,-4.274765587165,0.600903644013,0.022512378206,0
63.400000000000,-4.136890140505,0.606141689230,0.020620897877,0
63.600000000000,-3.997528903523,0.610941457977,0.018766295244,0
63.800000000000,-3.856801867281,0.615307403444,0.016946320427,0
64.000000000000,-3.714830065978,0.619243813825,0.015158629083,0
64.200000000000,-3.571735434575,0.622754789507,0.013400804135,0
64.400000000000,-3.427640665440,0.625844224091,0.011670374998,0
64.600000000000,-3.282669064218,0.628515788967,0.009964834588,0
64.800000000000,-3.136944405091,0.630772921198,0.008281654370,0
65.000000000000,-2.990590785650,0.632618814496,0.006618297740,0
65.200000000000,-2.843732481542,0.634056413083,0.004972231996,0
65.400000000000,-2.696493801096,0.635088408286,0.003340939147,0
65.600000000000,-2.548998940114,0.635717237691,0.001721925815,0
65.800000000000,-2.401371837024,0.635945086770,0.000112732443,0
66.000000000000,-2.253736028577,0.635773892850,-0.001489057944,0
66.200000000000,-2.106214506279,0.635205351387,-0.003085811252,0
66.400000000000,-1.958929573752,0.634240924458,-0.004679833870,0
66.600000000000,-1.812002705199,0.632881851475,-0.006273364104,0
66.800000000000,-1.665554405173,0.631129162081,-0.007868563302,0
67.000000000000,-1.519704069820,0.628983691263,-0.009467506511,0
67.200000000000,-1.374569849784,0.626446096678,-0.011072172506,0
67.400000000000,-1.230268514950,0.623516878253,-0.012684433062,0
67.600000000000,-1.086915321204,0.620196400090,-0.014306041326,0
67.800000000000,-0.944623879386,0.616484914737,-0.015938619191,0
68.000000000000,-0.803506026594,0.612382589899,-0.017583643563,0
68.200000000000,-0.663671700021,0.607889537630,-0.019242431450,0
68.400000000000,-0.525228813486,0.603005846093,-0.020916123832,0
68.600000000000,-0.388283136803,0.597731613936,-0.022605668259,0
68.800000000000,-0.252938178175,0.592066987330,-0.024311800211,0
69.000000000000,-0.119295069730,0.586012199706,-0.026035023249,0
69.200000000000,0.012547543627,0.579567614209,-0.027775588040,0
69.400000000000,0.142493611914,0.572733768843,-0.029533470400,0
69.600000000000,0.270449784184,0.565511424277,-0.031308348525,0
69.800000000000,0.396325508917,0.557901614213,-0.033099579683,0
70.000000000000,0.520033130563,0.549905698198,-0.034906176651,0
70.200000000000,0.641487982105,0.541525416678,-0.036726784306,0
70.400000000000,0.760608473541,0.532762948069,-0.038559656814,0
70.600000000000,0.877316176154,0.523620967515,-0.040402635958,0
70.800000000000,0.991535902483,0.514102706953,-0.042253131216,0
71.000000000000,1.103195781871,0.504212016029,-0.044108102271,0
71.200000000000,1.212227331524,0.493953423296,-0.045964044715,0
71.400000000000,1.318565522966,0.483332197082,-0.047816979732,0
71.600000000000,1.422148843822,0.472354405292,-0.049662448636,0
71.800000000000,1.522919354856,0.461026973353,-0.051495513111,0
72.000000000000,1.620822742187,0.449357739407,-0.053310762025,0
72.200000000000,1.715808364615,0.437355505813,-0.055102325641,0
72.400000000000,1.807829296025,0.425030085935,-0.056863897979,0
72.600000000000,1.896842362788,0.412392345179,-0.058588767976,0
72.800000000000,1.982808176143,0.399454235184,-0.060269859925,0
73.000000000000,2.065691159509,0.386228820119,-0.061899783489,0
73.200000000000,2.145459570701,0.372730294029,-0.063470893350,0
73.400000000000,2.222085519036,0.358973988253,-0.064975358249,0
73.600000000000,2.295544977301,0.344976368032,-0.066405238902,0
73.800000000000,2.365817788590,0.330755017536,-0.067752573929,0
74.000000000000,2.432887667992,0.316328612730,-0.069009472575,0
74.200000000000,2.496742199152,0.301716881653,-0.070168212710,0
74.400000000000,2.557372825713,0.286940551949,-0.071221342248,0
74.600000000000,2.614774837645,0.272021285698,-0.072161781873,0
74.800000000000,2.668947352515,0.256981601889,-0.072982926743,0
75.000000000000,2.719893291709,0.241844787126,-0.073678744714,0
75.200000000000,2.767619351651,0.226634795454,-0.074243868559,0
75.400000000000,2.812135970078,0.211376138441,-0.074673679729,0
75.600000000000,2.853457287408,0.196093766895,-0.074964381334,0
75.800000000000,2.891601103277,0.180812945838,-0.075113058292,0
76.000000000000,2.926588828302,0.165559124488,-0.075117722902,0
76.200000000000,2.958445431142,0.150357803187,-0.074977344576,0
76.400000000000,2.987199380953,0.135234399238,-0.074691862882,0
76.600000000000,3.012882585303,0.120214113693,-0.074262183621,0
76.800000000000,3.035530323649,0.105321801049,-0.073690158168,0
77.000000000000,3.055181176477,0.090581843760,-0.072978546829,0
77.200000000000,3.071876950205,0.076018033324,-0.072130967445,0
77.400000000000,3.085662597953,0.061653459506,-0.071151830894,0
77.600000000000,3.096586136312,0.047510409064,-0.070046265491,0
77.800000000000,3.104698558215,0.033610275066,-0.068820032501,0
78.000000000000,3.110053742045,0.019973477648,-0.067479435181,0
78.200000000000,3.112708357108,0.006619396764,-0.066031223774,0
78.400000000000,3.112721765614,-0.006433682790,-0.064482498857,0
78.600000000000,3.110155921293,-0.019168614039,-0.062840615325,0
78.800000000000,3.105075264803,-0.031569418430,-0.061113089083,0
79.000000000000,3.097546616078,-0.043621304794,-0.059307508260,0
79.200000000000,3.087639063755,-0.055310677310,-0.057431450505,0
79.400000000000,3.075423851865,-0.066625133278,-0.055492407559,0
79.600000000000,3.060974263916,-0.077553451607,-0.053497718021,0
79.800000000000,3.044365504564,-0.088085573036,-0.051454508910,0
80.000000000000,3.025674579010,-0.098212573152,-0.049369646297,0
80.200000000000,3.004980170323,-0.107926629310,-0.047249695079,0
80.400000000000,2.982362514830,-0.117220982532,-0.045100887684,0
80.600000000000,2.957903275781,-0.126089895484,-0.042929101342,0
80.800000000000,2.931685415444,-0.134528607521,-0.040739843374,0
81.000000000000,2.903793065817,-0.142533287800,-0.038538243882,0
81.200000000000,2.874311398144,-0.150100987333,-0.036329055095,0
81.400000000000,2.843326491410,-0.157229590799,-0.034116656616,0
81.600000000000,2.810925200005,-0.163917768839,-0.031905065792,0
81.800000000000,2.777195020738,-0.170164931474,-0.029697952424,0
82.000000000000,2.742223959396,-0.175971183179,-0.027498657064,0
82.200000000000,2.706100397020,-0.181337280094,-0.025310212204,0
82.400000000000,2.668912956103,-0.186264589726,-0.023135365675,0
82.600000000000,2.630750366879,-0.190755053456,-0.020976605670,0
82.800000000000,2.591701333905,-0.194811152053,-0.018836186825,0
83.000000000000,2.551854403112,-0.198435874378,-0.016716156896,0
83.200000000000,2.511297829519,-0.201632689339,-0.014618383583,0
83.400000000000,2.470119445777,-0.204405521157,-0.012544581130,0
83.600000000000,2.428406531756,-0.206758727914,-0.010496336398,0
83.800000000000,2.386245685324,-0.208697083334,-0.008475134104,0
84.000000000000,2.343722694519,-0.210225761694,-0.006482381013,0
84.200000000000,2.300922411286,-0.211350325725,-0.004519428875,0
84.400000000000,2.257928626954,-0.212076717353,-0.002587595926,0
84.600000000000,2.214823949617,-0.212411251073,-0.000688186823,0
84.800000000000,2.171689683613,-0.212360609753,0.001177489121,0
85.000000000000,2.128605711238,-0.211931842621,0.003008101516,0
85.200000000000,2.085650376881,-0.211132365189,0.004802284362,0
85.400000000000,2.042900373734,-0.209969960842,0.006558623501,0
85.600000000000,2.000430633229,-0.208452783813,0.008275646121,0
85.800000000000,1.958314217361,-0.206589363239,0.009951812356,0
86.000000000000,1.916622214040,-0.204388608019,0.011585509052,0
86.200000000000,1.875423635629,-0.201859812144,0.013175045716,0
86.400000000000,1.834785320788,-0.199012660201,0.014718652685,0
86.600000000000,1.794771839777,-0.195857232738,0.016214481517,0
86.800000000000,1.755445403338,-0.192404011180,0.017660607599,0
87.000000000000,1.716865775293,-0.188663881987,0.019055034948,0
87.200000000000,1.679090188956,-0.184648139766,0.020395703158,0
87.400000000000,1.642173267503,-0.180368489037,0.021680496413,0
87.600000000000,1.606166948389,-0.175837044407,0.022907254482,0
87.800000000000,1.571120411913,-0.171066328876,0.024073785559,0
88.000000000000,1.537080014050,-0.166069270063,0.025177880805,0
88.200000000000,1.504089223620,-0.160859194144,0.026217330388,0
88.400000000000,1.472188563890,-0.155449817336,0.027189940830,0
88.600000000000,1.441415558685,-0.149855234785,0.028093553401,0
88.800000000000,1.411804683088,-0.144089906754,0.028926063301,0
89.000000000000,1.383387318783,-0.138168642064,0.029685439323,0
89.200000000000,1.356191714114,-0.132106578749,0.030369743710,0
89.400000000000,1.330242948905,-0.125919161973,0.030977151854,0
89.600000000000,1.305562904096,-0.119622119248,0.031505971526,0
89.800000000000,1.282170236220,-0.113231433092,0.031954661295,0
90.000000000000,1.260080356779,-0.106763311261,0.032321847814,0
90.200000000000,1.239305416519,-0.100234154763,0.032606341665,0
90.400000000000,1.219854294644,-0.093660523878,0.032807151473,0
90.600000000000,1.201732592969,-0.087059102446,0.032923496037,0
90.800000000000,1.184942635027,-0.080446660740,0.032954814262,0
91.000000000000,1.169483470123,-0.073840017211,0.032900772715,0
91.200000000000,1.155350882327,-0.067255999464,0.032761270673,0
91.400000000000,1.142537404400,-0.060711404808,0.032536442612,0
91.600000000000,1.131032336617,-0.054222960726,0.032226658091,0
91.800000000000,1.120821770472,-0.047807285612,0.031832519097,0
92.000000000000,1.111888617222,-0.041480850130,0.031354854917,0
92.200000000000,1.104212641225,-0.035259939491,0.030794714702,0
92.400000000000,1.097770498041,-0.029160616979,0.030153357902,0
92.600000000000,1.092535777211,-0.023198688971,0.029432242810,0
92.800000000000,1.088479049685,-0.017389671708,0.028633013480,0
93.000000000000,1.085567919800,-0.011748760013,0.027757485328,0
93.200000000000,1.083767081759,-0.006290798116,0.026807629719,0
93.400000000000,1.083038380512,-0.001030252712,0.025785557882,0
93.600000000000,1.083340876958,0.004018811672,0.024693504484,0
93.800000000000,1.084630917380,0.008842754978,0.023533811196,0
94.000000000000,1.086862207005,0.013428381577,0.022308910571,0
94.200000000000,1.089985887585,0.017762957957,0.021021310541,0
94.400000000000,1.093950618900,0.021834228218,0.019673579815,0
94.600000000000,1.098702664048,0.025630427499,0.018268334426,0
94.800000000000,1.104185978418,0.029140293503,0.016808225660,0
95.000000000000,1.110342302210,0.032353076294,0.015295929549,0
95.200000000000,1.117111256370,0.035258546587,0.013734138087,0
95.400000000000,1.124430441811,0.037847002749,0.012125552285,0
95.600000000000,1.132235541770,0.040109276760,0.010472877137,0
95.800000000000,1.140460427163,0.042036739382,0.008778818558,0
96.000000000000,1.149037264788,0.043621304794,0.007046082288,0
96.200000000000,1.157896628212,0.044855434951,0.005277374740,0
96.400000000000,1.166967611197,0.045732143911,0.003475405732,0
96.600000000000,1.176177943508,0.046245002380,0.001642893017,0
96.800000000000,1.185454108914,0.046388142700,-0.000217431515,0
97.000000000000,1.194721465244,0.046156264479,-0.002102814121,0
97.200000000000,1.203904366310,0.045544641077,-0.004010470129,0
97.400000000000,1.212926285530,0.044549127082,-0.005937573731,0
97.600000000000,1.221709941071,0.043166166924,-0.007881246863,0
97.800000000000,1.230177422346,0.041392804731,-0.009838547415,0
98.000000000000,1.238250317665,0.039226695486,-0.011806457070,0
98.200000000000,1.245849842885,0.036666117507,-0.013781869047,0
98.400000000000,1.252896970851,0.033709986251,-0.015761576081,0
98.600000000000,1.259312561460,0.030357869372,-0.017742258966,0
98.800000000000,1.265017492163,0.026610002936,-0.019720476025,0
99.000000000000,1.269932788706,0.022467308639,-0.021692653856,0
99.200000000000,1.273979755942,0.017931411838,-0.023655079751,0
99.400000000000,1.277080108516,0.013004660141,-0.025603896135,0
99.600000000000,1.279156101240,0.007690142273,-0.027535097431,0
99.800000000000,1.280130658971,0.001991706873,-0.029444529684,0
100.000000000000,1.279927505818,-0.004086019170,-0.031327893320,0
100.200000000000,1.278471293469,-0.010537613236,-0.033180749326,0
100.400000000000,1.275687728484,-0.017356840850,-0.034998529145,0
100.600000000000,1.271503698356,-0.024536641358,-0.036776548501,0
100.800000000000,1.265847396155,-0.032069115958,-0.038510025317,0
101.000000000000,1.258648443596,-0.039945518574,-0.040194101801,0
101.200000000000,1.249838012331,-0.048156250130,-0.041823870693,0
101.400000000000,1.239348943317,-0.056690856728,-0.043394405575,0
101.600000000000,1.227115864063,-0.065538032238,-0.044900795014,0
101.800000000000,1.213075303607,-0.074685625769,-0.046338180212,0
102.000000000000,1.197165805050,-0.084120654439,-0.047701795719,0
102.200000000000,1.179328035482,-0.093829321805,-0.048987012632,0
102.400000000000,1.159504893149,-0.103797042241,-0.050189383602,0
102.600000000000,1.137641611701,-0.114008471461,-0.051304688870,0
102.800000000000,1.113685861368,-0.124447543294,-0.052328982460,0
103.000000000000,1.087587846929,-0.135097512685,-0.053258637584,0
103.200000000000,1.059300402315,-0.145941004833,-0.054090390290,0
103.400000000000,1.028779081718,-0.156960070186,-0.054821380347,0
103.600000000000,0.995982247079,-0.168136244965,-0.055449188391,0
103.800000000000,0.960871151806,-0.179450616708,-0.055971868396,0
104.000000000000,0.923410020629,-0.190883894270,-0.056387974632,0
104.200000000000,0.883566125440,-0.202416481553,-0.056696582350,0
104.400000000000,0.841309857040,-0.214028554210,-0.056897301618,0
104.600000000000,0.796614792655,-0.225700138441,-0.056990283867,0
104.800000000000,0.749457759148,-0.237411190979,-0.056976220884,0
105.000000000000,0.699818891806,-0.249141679311,-0.056856336210,0
105.200000000000,0.647681688635,-0.260871661177,-0.056632369063,0
105.400000000000,0.593033060071,-0.272581362381,-0.056306551122,0
105.600000000000,0.535863374017,-0.284251252005,-0.055881576666,0
105.800000000000,0.476166496169,-0.295862114139,-0.055360566738,0
106.000000000000,0.413939825527,-0.307395115346,-0.054747028133,0
106.200000000000,0.349184325072,-0.318831867113,-0.054044808099,0
106.400000000000,0.281904547521,-0.330154482718,-0.053258045745,0
106.600000000000,0.212108656153,-0.341345627960,-0.052391121153,0
106.800000000000,0.139808440640,-0.352388565398,-0.051448603215,0
107.000000000000,0.065019327865,-0.363267191816,-0.050435197201,0
107.200000000000,-0.012239612292,-0.373966068756,-0.049355692977,0
107.400000000000,-0.091945666231,-0.384470446097,-0.048214914745,0
107.600000000000,-0.174072480965,-0.394766278739,-0.047017673063,0
107.800000000000,-0.258590073525,-0.404840236573,-0.045768719788,0
108.000000000000,-0.345464845425,-0.414679707993,-0.044472706483,0
108.200000000000,-0.434659602176,-0.424272797282,-0.043134146680,0
108.400000000000,-0.526133577842,-0.433608316283,-0.041757382278,0
108.600000000000,-0.619842464591,-0.442675770792,-0.040346554257,0
108.800000000000,-0.715738447233,-0.451465342169,-0.038905577734,0
109.000000000000,-0.813770242686,-0.459967864674,-0.037438121340,0
109.200000000000,-0.913883144345,-0.468174799053,-0.035947590777,0
109.400000000000,-1.016019071276,-0.476078202898,-0.034437116353,0
109.600000000000,-1.120116622204,-0.483670698299,-0.032909544246,0
109.800000000000,-1.226111134207,-0.490945437292,-0.031367431198,0
110.000000000000,-1.333934746054,-0.497896065582,-0.029813042298,0
110.200000000000,-1.443516466112,-0.504516684986,-0.028248351534,0
110.400000000000,-1.554782244725,-0.510801815039,-0.026675044744,0
110.600000000000,-1.667655050988,-0.516746354124,-0.025094524631,0
110.800000000000,-1.782054953811,-0.522345540499,-0.023507917515,0
111.000000000000,-1.897899207165,-0.527594913531,-0.021916081496,0
111.200000000000,-2.015102339422,-0.532490275426,-0.020319615749,0
111.400000000000,-2.133576246642,-0.537027653695,-0.018718870694,0
111.600000000000,-2.253230289723,-0.541203264592,-0.017113958787,0
111.800000000000,-2.373971395260,-0.545013477703,-0.015504765764,0
112.000000000000,-2.495704160000,-0.548454781851,-0.013890962144,0
112.200000000000,-2.618330958747,-0.551523752472,-0.012272014868,0
112.400000000000,-2.741752055583,-0.554217020572,-0.010647198977,0
112.600000000000,-2.865865718264,-0.556531243385,-0.009015609237,0
112.800000000000,-2.990568335628,-0.558463076817,-0.007376171691,0
113.000000000000,-3.115754537874,-0.560009149772,-0.005727655112,0
113.200000000000,-3.241317319552,-0.561166040447,-0.004068682376,0
113.400000000000,-3.367148165101,-0.561930254654,-0.002397741791,0
113.600000000000,-3.493137176765,-0.562298206279,-0.000713198454,0
113.800000000000,-3.619173204734,-0.562266199947,0.000986694273,0
114.000000000000,-3.745143979319,-0.561830415989,0.002703783066,0
114.200000000000,-3.870936245006,-0.560986897822,0.004440002568,0
114.400000000000,-3.996435896195,-0.559731541844,0.006197362799,0
114.600000000000,-4.121528114459,-0.558060089998,0.007977935863,0
114.800000000000,-4.246097507129,-0.555968125135,0.009783841752,0
115.000000000000,-4.370028247035,-0.553451069349,0.011617233027,0
115.200000000000,-4.493204213203,-0.550504185489,0.013480278147,0
115.400000000000,-4.615509132336,-0.547122582030,0.015375143185,0
115.600000000000,-4.736826720878,-0.543301221570,0.017303971662,0
115.800000000000,-4.857040827486,-0.539034933186,0.019268862234,0
116.000000000000,-4.976035575705,-0.534318428941,0.021271843929,0
116.200000000000,-5.093695506672,-0.529146324834,0.023314848666,0
116.400000000000,-5.209905721646,-0.523513166528,0.025399680758,0
116.600000000000,-5.324552024187,-0.517413460161,0.027527983150,0
116.800000000000,-5.437521061779,-0.510841708619,0.029701200144,0
117.000000000000,-5.548700466724,-0.503792453589,0.031920536404,0
117.200000000000,-5.657978996107,-0.496260323758,0.034186912116,0
117.400000000000,-5.765246670652,-0.488240089470,0.036500914221,0
117.600000000000,-5.870394912281,-0.479726724149,0.038862743751,0
117.800000000000,-5.973316680196,-0.470715472755,0.041272159428,0
118.000000000000,-6.073906605291,-0.461201927457,0.043728417833,0
118.200000000000,-6.172061122731,-0.451182110654,0.046230210621,0
118.400000000000,-6.267678602503,-0.440652565367,0.048775599498,0
118.600000000000,-6.360659477780,-0.429610452867,0.051361949897,0
118.800000000000,-6.450906370918,-0.418053657311,0.053985864579,0
119.000000000000,-6.538324216908,-0.405980896906,0.056643118685,0
119.200000000000,-6.622820384144,-0.393391840958,0.059328598066,0
119.400000000000,-6.704304792313,-0.380287231908,0.062036243068,0
119.600000000000,-6.782690027274,-0.366669011170,0.064759000248,0
119.800000000000,-6.857891452755,-0.352540447335,0.067488784781,0
120.000000000000,-6.929827318734,-0.337906264969,0.070216456579,0
120.200000000000,-6.998418866335,-0.322772771921,0.072931813264,0
120.400000000000,-7.063590429127,-0.307147982775,0.075623603232,0
120.600000000000,-7.125269530665,-0.291041735746,0.078279561905,0
120.800000000000,-7.183386978152,-0.274465800104,0.080886474061,0
121.000000000000,-7.237876952099,-0.257433970963,0.083430264614,0
121.200000000000,-7.288677091857,-0.239962148173,0.085896119605,0
121.400000000000,-7.335728576902,-0.222068395972,0.088268638215,0
121.600000000000,-7.378976203776,-0.203772980155,0.090532015542,0
121.800000000000,-7.418368458564,-0.185098379695,0.092670254567,0
122.000000000000,-7.453857584822,-0.166069270063,0.094667404291,0
122.200000000000,-7.485399646857,-0.146712476013,0.096507819551,0
122.400000000000,-7.512954588275,-0.127056892180,0.098176436484,0
122.600000000000,-7.536486285721,-0.107133370602,0.099659056280,0
122.800000000000,-7.555962597724,-0.086974575153,0.100942628693,0
123.000000000000,-7.571355408609,-0.066614803805,0.102015525984,0
123.200000000000,-7.582640667377,-0.046089780642,0.102867797606,0
123.400000000000,-7.589798421537,-0.025436420529,0.103491396044,0
123.600000000000,-7.592812845820,-0.004692570288,0.103880364920,0
123.800000000000,-7.591672265744,0.016103268930,0.104030981652,0
124.000000000000,-7.586369175995,0.036912232681,0.103941848675,0
124.200000000000,-7.576900253597,0.057695391803,0.103613929263,0
124.400000000000,-7.563266365859,0.078414052330,0.103050526401,0
124.600000000000,-7.545472573079,0.099030050526,0.102257205534,0
124.800000000000,-7.523528125998,0.119506036995,0.101241664490,0
125.000000000000,-7.497446458024,0.139805744221,0.100013555987,0
125.200000000000,-7.467245172205,0.159894232556,0.098584270008,0
125.400000000000,-7.432946022998,0.179738110379,0.096966684665,0
125.600000000000,-7.394574892839,0.199305725145,0.095174895022,0
125.800000000000,-7.352161763544,0.218567322928,0.093223929634,0
126.000000000000,-7.305740682588,0.237495175134,0.091129464343,0
126.200000000000,-7.255349724295,0.256063671987,0.088907542160,0
126.400000000000,-7.201030945997,0.274249383300,0.086574307045,0
126.600000000000,-7.142830339218,0.292031087876,0.084145758016,0
126.800000000000,-7.080797775941,0.309389773527,0.081637528591,0
127.000000000000,-7.014986950037,0.326308610256,0.079064695023,0
127.200000000000,-6.945455313924,0.342772899539,0.076441615280,0
127.400000000000,-6.872264010554,0.358770002901,0.073781799424,0
127.600000000000,-6.795477800791,0.374289253078,0.071097810801,0
127.800000000000,-6.715164986312,0.389321851091,0.068401196528,0
128.000000000000,-6.631397328097,0.403860752426,0.065702444992,0
128.200000000000,-6.544249960640,0.417900545358,0.063010967569,0
128.400000000000,-6.453801301984,0.431437324211,0.060335101439,0
128.600000000000,-6.360132959699,0.444468560061,0.057682130243,0
128.800000000000,-6.263329632929,0.456992971097,0.055058319348,0
129.000000000000,-6.163479010642,0.469010394521,0.052468962604,0
129.200000000000,-6.060671666203,0.480521661582,0.049918437724,0
129.400000000000,-5.955000948429,0.491528477024,0.047410267671,0
129.600000000000,-5.846562869256,0.502033303951,0.044947185778,0
129.800000000000,-5.735455988165,0.512039254875,0.042531202640,0
130.000000000000,-5.621781293541,0.521549989467,0.040163673156,0
130.200000000000,-5.505642081086,0.530569619346,0.037845362398,0
130.400000000000,-5.387143829484,0.539102620079,0.035576509282,0
130.600000000000,-5.266394073457,0.547153750409,0.033356887263,0
130.800000000000,-5.143502274393,0.554727978641,0.031185861520,0
131.000000000000,-5.018579688708,0.561830415989,0.029062442267,0
131.200000000000,-4.891739234121,0.568466256663,0.026985334009,0
131.400000000000,-4.763095354027,0.574640724385,0.024952980682,0
131.600000000000,-4.632763880126,0.580359025027,0.022963606729,0
131.800000000000,-4.500861893509,0.585626305006,0.021015254245,0
132.000000000000,-4.367507584380,0.590447615102,0.019105816381,0
132.200000000000,-4.232820110590,0.594827879327,0.017233067247,0
132.400000000000,-4.096919455184,0.598771868525,0.015394688590,0
132.600000000000,-3.959926283134,0.602284178354,0.013588293521,0
132.800000000000,-3.821961797463,0.605369211345,0.011811447599,0
133.000000000000,-3.683147594937,0.608031162758,0.010061687567,0
133.200000000000,-3.543605521518,0.610274009959,0.008336538032,0
133.400000000000,-3.403457527775,0.612101505085,0.006633526373,0
133.600000000000,-3.262825524438,0.613517170782,0.004950196169,0
133.800000000000,-3.121831238282,0.614524298828,0.003284119386,0
134.000000000000,-2.980596068538,0.615125951485,0.001632907595,0
134.200000000000,-2.839240944016,0.615324965426,-0.000005777554,0
134.400000000000,-2.697886181128,0.615123958154,-0.001634214388,0
134.600000000000,-2.556651342997,0.614525336785,-0.003254611572,0
134.800000000000,-2.415655099840,0.613531309152,-0.004869098607,0
135.000000000000,-2.275015090799,0.612143897174,-0.006479716274,0
135.200000000000,-2.134847787417,0.610364952438,-0.008088406871,0
135.400000000000,-1.995268358919,0.608196173999,-0.009697004097,0
135.600000000000,-1.856390539492,0.605639128369,-0.011307222458,0
135.800000000000,-1.718326497721,0.602695271712,-0.012920646078,0
136.000000000000,-1.581186708366,0.599365974238,-0.014538716831,0
136.200000000000,-1.445079826633,0.595652546833,-0.016162721723,0
136.400000000000,-1.310112565117,0.591556269902,-0.017793779462,0
136.600000000000,-1.176389573566,0.587078424475,-0.019432826218,0
136.800000000000,-1.044013321625,0.582220325540,-0.021080600550,0
137.000000000000,-0.913083984715,0.576983357626,-0.022737627560,0
137.200000000000,-0.783699333189,0.571369012594,-0.024404202331,0
137.400000000000,-0.655954624917,0.565378929584,-0.026080372760,0
137.600000000000,-0.529942501425,0.559014937076,-0.027765921950,0
137.800000000000,-0.405752887737,0.552279096928,-0.029460350347,0
138.000000000000,-0.283472896031,0.545173750282,-0.031162857875,0
138.200000000000,-0.163186733248,0.537701565140,-0.032872326366,0
138.400000000000,-0.044975612765,0.529865585403,-0.034587302652,0
138.600000000000,0.071082329760,0.521669281076,-0.036305982699,0
138.800000000000,0.184912116259,0.513116599333,-0.038026197277,0
139.000000000000,0.296442001740,0.504212016029,-0.039745399651,0
139.200000000000,0.405603545301,0.494960587225,-0.041460655858,0
139.400000000000,0.512331676572,0.485368000205,-0.043168638165,0
139.600000000000,0.616564757516,0.475440623407,-0.044865622310,0
139.800000000000,0.718244639503,0.465185554644,-0.046547489159,0
140.000000000000,0.817316715593,0.454610666910,-0.048209731403,0
140.200000000000,0.913729967961,0.443724651036,-0.049847465858,0
140.400000000000,1.007437010416,0.432537054424,-0.051455451923,0
140.600000000000,1.098394125958,0.421058315035,-0.053028116634,0
140.800000000000,1.186561299328,0.409299789822,-0.054559586662,0
141.000000000000,1.271902244524,0.397273776784,-0.056043727456,0
141.200000000000,1.354384427251,0.384993529856,-0.057474189564,0
141.400000000000,1.433979082273,0.372473265872,-0.058844461996,0
141.600000000000,1.510661225669,0.359728162939,-0.060147932239,0
141.800000000000,1.584409661978,0.346774349622,-0.061377952349,0
142.000000000000,1.655206986219,0.333628884475,-0.062527910293,0
142.200000000000,1.723039580817,0.320309725592,-0.063591305473,0
142.400000000000,1.787897607425,0.306835690002,-0.064561827156,0
142.600000000000,1.849774993675,0.293226402914,-0.065433434353,0
142.800000000000,1.908669414882,0.279502237019,-0.066200435501,0
143.000000000000,1.964582270730,0.265684242249,-0.066857566210,0
143.200000000000,2.017518656984,0.251794066573,-0.067400063291,0
143.400000000000,2.067487332279,0.237853868663,-0.067823733257,0
143.600000000000,2.114500680032,0.223886223372,-0.068125013599,0
143.800000000000,2.158574665541,0.209914021217,-0.068301025247,0
144.000000000000,2.199728788341,0.195960363126,-0.068349614862,0
144.200000000000,2.237986029884,0.182048451879,-0.068269385844,0
144.400000000000,2.273372796629,0.168201481718,-0.068059717269,0
144.600000000000,2.305918858624,0.154442527668,-0.067720770299,0
144.800000000000,2.335657283673,0.140794436072,-0.067253481988,0
145.000000000000,2.362624367190,0.127279717856,-0.066659546754,0
145.200000000000,2.386859557832,0.113920445925,-0.065941386161,0
145.400000000000,2.408405379036,0.100738157983,-0.065102107947,0
145.600000000000,2.427307346569,0.087753765956,-0.064145455545,0
145.800000000000,2.443613882199,0.074987472994,-0.063075749553,0
146.000000000000,2.457376223642,0.062458698855,-0.061897822754,0
146.200000000000,2.468648330880,0.050186014297,-0.060616950427,0
146.400000000000,2.477486789011,0.038187084863,-0.059238777688,0
146.600000000000,2.483950707770,0.026478624272,-0.057769245577,0
146.800000000000,2.488101617847,0.015076357424,-0.056214517537,0
147.000000000000,2.490003364171,0.003994992850,-0.054580907787,0
147.200000000000,2.489721996302,-0.006751795736,-0.052874812917,0
147.400000000000,2.487325656096,-0.017151379245,-0.051102647841,0
147.600000000000,2.482884462792,-0.027192174991,-0.049270787038,0
147.800000000000,2.476470395698,-0.036863641124,-0.047385511783,0
148.000000000000,2.468157174633,-0.046156264479,-0.045452963838,0
148.200000000000,2.458020138302,-0.055061542664,-0.043479105913,0
148.400000000000,2.446136120770,-0.063571961202,-0.041469688957,0
148.600000000000,2.432583326222,-0.071680966588,-0.039430226235,0
148.800000000000,2.417441202168,-0.079382936073,-0.037365973936,0
149.000000000000,2.400790311294,-0.086673144989,-0.035281918018,0
149.200000000000,2.382712202126,-0.093547732353,-0.033182766813,0
149.400000000000,2.363289278689,-0.100003665480,-0.031072948941,0
149.600000000000,2.342604669362,-0.106038704226,-0.028956615950,0
149.800000000000,2.320742095087,-0.111651365468,-0.026837649139,0
150.000000000000,2.297785737147,-0.116840888314,-0.024719669981,0
150.200000000000,2.273820104676,-0.121607200515,-0.022606053565,0
150.400000000000,2.248929902100,-0.125950886424,-0.020499944520,0
150.600000000000,2.223199896696,-0.129873156844,-0.018404274875,0
150.800000000000,2.196714786445,-0.133375820987,-0.016321783372,0
151.000000000000,2.169559068377,-0.136461260747,-0.014255035771,0
151.200000000000,2.141816907585,-0.139132407387,-0.012206445714,0
151.400000000000,2.113572007097,-0.141392720743,-0.010178295777,0
151.600000000000,2.084907478785,-0.143246170937,-0.008172758348,0
151.800000000000,2.055905715488,-0.144697222591,-0.006191916034,0
152.000000000000,2.026648264546,-0.145750821473,-0.004237781311,0
152.200000000000,1.997215702895,-0.146412383454,-0.002312315164,0
152.400000000000,1.967687513926,-0.146687785666,-0.000417444513,0
152.600000000000,1.938141966257,-0.146583359659,0.001444921779,0
152.800000000000,1.908655994602,-0.146105886384,0.003272878485,0
153.000000000000,1.879305082901,-0.145262592766,0.005064511323,0
153.200000000000,1.850163149873,-0.144061149632,0.006817886115,0
153.400000000000,1.821302437143,-0.142509670737,0.008531039919,0
153.600000000000,1.792793400124,-0.140616712609,0.010201974202,0
153.800000000000,1.764704601776,-0.138391274938,0.011828650130,0
154.000000000000,1.737102609413,-0.135842801208,0.013408986017,0
154.200000000000,1.710051894690,-0.132981179293,0.014940856958,0
154.400000000000,1.683614736920,-0.129816741700,0.016422096640,0
154.600000000000,1.657851129838,-0.126360265194,0.017850501315,0
154.800000000000,1.632818691964,-0.122622969494,0.019223835875,0
155.000000000000,1.608572580675,-0.118616514790,0.020539841956,0
155.200000000000,1.585165410108,-0.114352997803,0.021796247950,0
155.400000000000,1.562647173014,-0.109844946170,0.022990780807,0
155.600000000000,1.541065166666,-0.105105310912,0.024121179427,0
155.800000000000,1.520463922926,-0.100147456822,0.025185209477,0
156.000000000000,1.500885142570,-0.094985150603,0.026180679366,0
156.200000000000,1.482367633956,-0.089632546625,0.027105457153,0
156.400000000000,1.464947256130,-0.084104170231,0.027957488092,0
156.600000000000,1.448656866444,-0.078414898538,0.028734812513,0
156.800000000000,1.433526272752,-0.072579938716,0.029435583737,0
157.000000000000,1.419582190263,-0.066614803805,0.030058085677,0
157.200000000000,1.406848203100,-0.060535286131,0.030600749832,0
157.400000000000,1.395344730628,-0.054357428455,0.031062171318,0
157.600000000000,1.385088998586,-0.048097493006,0.031441123652,0
157.800000000000,1.376095015068,-0.041771928618,0.031736571983,0
158.000000000000,1.368373551397,-0.035397336189,0.031947684521,0
158.200000000000,1.361932127893,-0.028990432743,0.032073841922,0
158.400000000000,1.356775004583,-0.022568014389,0.032114644454,0
158.600000000000,1.352903176837,-0.016146918475,0.032069916791,0
158.800000000000,1.350314375966,-0.009743985295,0.031939710354,0
159.000000000000,1.349003074750,-0.003376019660,0.031724303147,0
159.200000000000,1.348960497911,0.002940247315,0.031424197113,0
159.400000000000,1.350174637505,0.009188195876,0.031040113070,0
159.600000000000,1.352630273208,0.015351354432,0.030572983346,0
159.800000000000,1.356308997481,0.021413435184,0.030023942281,0
160.000000000000,1.361189245558,0.027358368308,0.029394314809,0
160.200000000000,1.367246330237,0.033170334440,0.028685603358,0
160.400000000000,1.374452481401,0.038833795251,0.027899473354,0
160.600000000000,1.382776890239,0.044333521926,0.027037737628,0
160.800000000000,1.392185758076,0.049654621424,0.026102340044,0
161.000000000000,1.402642349773,0.054782560409,0.025095338669,0
161.200000000000,1.414107051595,0.059703186799,0.024018888825,0
161.400000000000,1.426537433484,0.064402748942,0.022875226323,0
161.600000000000,1.439888315638,0.068867912418,0.021666651211,0
161.800000000000,1.454111839314,0.073085774572,0.020395512305,0
162.000000000000,1.469157541740,0.077043876856,0.019064192785,0
162.200000000000,1.484972435044,0.080730215157,0.017675097086,0
162.400000000000,1.501501089082,0.084133248247,0.016230639302,0
162.600000000000,1.518685718050,0.087241904598,0.014733233279,0
162.800000000000,1.536466270763,0.090045587755,0.013185284548,0
163.000000000000,1.554780524459,0.092534180535,0.011589184202,0
163.200000000000,1.573564182022,0.094698048297,0.009947304812,0
163.400000000000,1.592750972454,0.096528041563,0.008261998423,0
163.600000000000,1.612272754491,0.098015498261,0.006535596651,0
163.800000000000,1.632059623182,0.099152245873,0.004770412870,0
164.000000000000,1.652040019311,0.099930603754,0.002968746454,0
164.200000000000,1.672140841487,0.100343385909,0.001132889001,0
164.400000000000,1.692287560757,0.100383904467,-0.000734867545,0
164.600000000000,1.712404337568,0.100045974109,-0.002632220999,0
164.800000000000,1.732414140936,0.099323917674,-0.004556847398,0
165.000000000000,1.752238869622,0.098212573152,-0.006506387996,0
165.200000000000,1.771799475176,0.096707302233,-0.008478434984,0
165.400000000000,1.791016086654,0.094804000577,-0.010470516137,0
165.600000000000,1.809808136840,0.092499109918,-0.012480078647,0
165.800000000000,1.828094489799,0.089789632085,-0.014504472398,0
166.000000000000,1.845793569572,0.086673144989,-0.016540932982,0
166.200000000000,1.862823489841,0.083147820571,-0.018586564777,0
166.400000000000,1.879102184373,0.079212444684,-0.020638324450,0
166.600000000000,1.894547538063,0.074866438789,-0.022693005241,0
166.800000000000,1.909077518391,0.070109883357,-0.024747222461,0
167.000000000000,1.922610307108,0.064943542742,-0.026797400604,0
167.200000000000,1.935064431958,0.059368891304,-0.028839762548,0
167.400000000000,1.946358898259,0.053388140444,-0.030870321290,0
167.600000000000,1.956413320156,0.047004266196,-0.032884874688,0
167.800000000000,1.965148051344,0.040221036950,-0.034879003692,0
168.000000000000,1.972484315105,0.033043040807,-0.036848074492,0
168.200000000000,1.978344333444,0.025475712051,-0.038787245037,0
168.400000000000,1.982651455164,0.017525356140,-0.040691476296,0
168.600000000000,1.985330282680,0.009199172604,-0.042555548585,0
168.800000000000,1.986306797413,0.000505275173,-0.044374083220,0
169.000000000000,1.985508483556,-0.008547291509,-0.046141569641,0
169.200000000000,1.982864450067,-0.017948539313,-0.047852398049,0
169.400000000000,1.978305550693,-0.027687528836,-0.049500897462,0
169.600000000000,1.971764501861,-0.037752367098,-0.051081378950,0
169.800000000000,1.963175998274,-0.048130211304,-0.052588183663,0
170.000000000000,1.952476826029,-0.058807279274,-0.054015735073,0
170.200000000000,1.939605973115,-0.069768867004,-0.055358594709,0
170.400000000000,1.924504737119,-0.080999373757,-0.056611520505,0
170.600000000000,1.907116829988,-0.092482334973,-0.057769526691,0
170.800000000000,1.887388479703,-0.104200463137,-0.058827944100,0
171.000000000000,1.865268528702,-0.116135696628,-0.059782479572,0
171.200000000000,1.840708528927,-0.128269256387,-0.060629273160,0
171.400000000000,1.813662833350,-0.140581710115,-0.061364951737,0
171.600000000000,1.784088683842,-0.153053043536,-0.061986677682,0
171.800000000000,1.751946295256,-0.165662738088,-0.062492191351,0
172.000000000000,1.717198935613,-0.178389854284,-0.062879846176,0
172.200000000000,1.679813002256,-0.191213119821,-0.063148635382,0
172.400000000000,1.639758093870,-0.204111021413,-0.063298209521,0
172.600000000000,1.597007078264,-0.217061899221,-0.063328884257,0
172.800000000000,1.551536155802,-0.230044042682,-0.063241638100,0
173.000000000000,1.503324918399,-0.243035786496,-0.063038100047,0
173.200000000000,1.452356403989,-0.256015605536,-0.062720527387,0
173.400000000000,1.398617146376,-0.268962207426,-0.062291774185,0
173.600000000000,1.342097220411,-0.281854621628,-0.061755251194,0
173.800000000000,1.282790282392,-0.294672283934,-0.061114878187,0
174.000000000000,1.220693605658,-0.307395115346,-0.060375029862,0
174.200000000000,1.155808111295,-0.320003594483,-0.059540476595,0
174.400000000000,1.088138393915,-0.332478822781,-0.058616321430,0
174.600000000000,1.017692742459,-0.344802581880,-0.057607934689,0
174.800000000000,0.944483155993,-0.356957382805,-0.056520887608,0
175.000000000000,0.868525354459,-0.368926506644,-0.055360886312,0
175.200000000000,0.789838784362,-0.380694036635,-0.054133707373,0
175.400000000000,0.708446619378,-0.392244881695,-0.052845136032,0
175.600000000000,0.624375755865,-0.403564791566,-0.051500908052,0
175.800000000000,0.537656803290,-0.414640363883,-0.050106655966,0
176.000000000000,0.448324069560,-0.425459043569,-0.048667860319,0
176.200000000000,0.356415541274,-0.436009115058,-0.047189806340,0
176.400000000000,0.261972858921,-0.446279687905,-0.045677546275,0
176.600000000000,0.165041287040,-0.456260676410,-0.044135867502,0
176.800000000000,0.065669679379,-0.465942773902,-0.042569266356,0
177.000000000000,-0.036089560914,-0.475317422363,-0.040981927513,0
177.200000000000,-0.140180526010,-0.484376778055,-0.039377708642,0
177.400000000000,-0.246543852988,-0.493113673813,-0.037760129982,0
177.600000000000,-0.355116778235,-0.501521578660,-0.036132368428,0
177.800000000000,-0.465833196574,-0.509594555324,-0.034497255661,0
178.000000000000,-0.578623725075,-0.517327216266,-0.032857279855,0
178.200000000000,-0.693415771445,-0.524714678704,-0.031214590461,0
178.400000000000,-0.810133606926,-0.531752519156,-0.029571005606,0
178.600000000000,-0.928698443612,-0.538436727899,-0.027928021634,0
178.800000000000,-1.049028516075,-0.544763663749,-0.026286824354,0
179.000000000000,-1.171039167205,-0.550730009492,-0.024648301607,0
179.200000000000,-1.294642938164,-0.556332728245,-0.023013056766,0
179.400000000000,-1.419749662317,-0.561569021009,-0.021381422880,0
179.600000000000,-1.546266563043,-0.566436285607,-0.019753477143,0
179.800000000000,-1.674098355285,-0.570932077180,-0.018129055485,0
180.000000000000,-1.803147350713,-0.575054070379,-0.016507767068,0
180.200000000000,-1.933313566374,-0.578800023356,-0.014889008537,0
180.400000000000,-2.064494836667,-0.582167743647,-0.013271977910,0
180.600000000000,-2.196586928521,-0.585155056004,-0.011655688018,0
180.800000000000,-2.329483659612,-0.587759772232,-0.010038979455,0
181.000000000000,-2.463077019472,-0.589979663061,-0.008420533005,0
181.200000000000,-2.597257293324,-0.591812432093,-0.006798881574,0
181.400000000000,-2.731913188499,-0.593255691849,-0.005172421644,0
181.600000000000,-2.866931963243,-0.594306941931,-0.003539424321,0
181.800000000000,-3.002199557778,-0.594963549355,-0.001898046054,0
182.000000000000,-3.137600727412,-0.595222731057,-0.000246339136,0
182.200000000000,-3.273019177553,-0.595081538648,0.001417737908,0
182.400000000000,-3.408337700426,-0.594536845456,0.003096309874,0
182.600000000000,-3.543438313335,-0.593585335939,0.004791574237,0
182.800000000000,-3.678202398264,-0.592223497537,0.006505790122,0
183.000000000000,-3.812510842658,-0.590447615102,0.008241266694,0
183.200000000000,-3.946244181182,-0.588253767997,0.010000350744,0
183.400000000000,-4.079282738277,-0.585637830046,0.011785413251,0
183.600000000000,-4.211506771319,-0.582595472485,0.013598834663,0
183.800000000000,-4.342796614210,-0.579122170122,0.015442988634,0
184.000000000000,-4.473032821183,-0.575213210935,0.017320223942,0
184.200000000000,-4.602096310653,-0.570863709344,0.019232844293,0
184.400000000000,-4.729868508925,-0.566068623437,0.021183085723,0
184.600000000000,-4.856231493544,-0.560822776453,0.023173091290,0
184.800000000000,-4.981068136128,-0.555120882826,0.025204882755,0
185.000000000000,-5.104262244475,-0.548957579146,0.027280328982,0
185.200000000000,-5.225698703762,-0.542327460362,0.029401110766,0
185.400000000000,-5.345263616649,-0.535225121615,0.031568681877,0
185.600000000000,-5.462844442099,-0.527645206030,0.033784226118,0
185.800000000000,-5.578330132737,-0.519582458836,0.036048610300,0
186.000000000000,-5.691611270556,-0.511031788127,0.038362333087,0
186.200000000000,-5.802580200797,-0.501988332563,0.040725469798,0
186.400000000000,-5.911131163823,-0.492447536238,0.043137613415,0
186.600000000000,-6.017160424809,-0.482405230892,0.045597812156,0
186.800000000000,-6.120566401082,-0.471857725530,0.048104504263,0
187.000000000000,-6.221249786935,-0.460801903398,0.050655450798,0
187.200000000000,-6.319113675753,-0.449235326122,0.053247667601,0
187.400000000000,-6.414063679286,-0.437156344649,0.055877357789,0
187.600000000000,-6.506008043913,-0.424564216392,0.058539846535,0
187.800000000000,-6.594857763744,-0.411459227800,0.061229520203,0
188.000000000000,-6.680526690397,-0.397842821245,0.063939772222,0
188.200000000000,-6.762931639326,-0.383717724905,0.066662958423,0
188.400000000000,-6.841992492536,-0.369088083937,0.069390364838,0
188.600000000000,-6.917632297559,-0.353959590988,0.072112191144,0
188.800000000000,-6.989777362567,-0.338339613713,0.074817553077,0
189.000000000000,-7.058357347472,-0.322237316706,0.077494507106,0
189.200000000000,-7.123305350918,-0.305663774934,0.080130100472,0
189.400000000000,-7.184557993034,-0.288632075553,0.082710449330,0
189.600000000000,-7.242055493837,-0.271157404805,0.085220847156,0
189.800000000000,-7.295741747190,-0.253257116618,0.087645904726,0
190.000000000000,-7.345564390204,-0.234950779537,0.089969721970,0
190.200000000000,-7.391474868009,-0.216260198783,0.092176090725,0
190.400000000000,-7.433428493785,-0.197209410507,0.094248725991,0
190.600000000000,-7.471384503997,-0.177824645732,0.096171521753,0
190.800000000000,-7.505306108738,-0.158134262079,0.097928825893,0
191.000000000000,-7.535160537129,-0.138168642064,0.099505727221,0
191.200000000000,-7.560919077712,-0.117960057623,0.100888346339,0
191.400000000000,-7.582557113777,-0.097542501450,0.102064121097,0
191.600000000000,-7.600054153579,-0.076951486740,0.103022076782,0
191.800000000000,-7.613393855409,-0.056223817952,0.103753071081,0
192.000000000000,-7.622564047475,-0.035397336189,0.104250004332,0
192.200000000000,-7.627556742583,-0.014510643688,0.104507986564,0
192.400000000000,-7.628368147582,0.006397187298,0.104524454377,0
192.600000000000,-7.624998667568,0.027286915386,0.104299232679,0
192.800000000000,-7.617452904846,0.048119434484,0.103834538638,0
193.000000000000,-7.605739652642,0.068856075382,0.103134927672,0
193.200000000000,-7.589871883579,0.089458898255,0.102207183820,0
193.400000000000,-7.569866732937,0.109890970186,0.101060159187,0
193.600000000000,-7.545745476707,0.130116622342,0.099704569165,0
193.800000000000,-7.517533504483,0.150101682241,0.098152751757,0
194.000000000000,-7.485260287216,0.169813677382,0.096418400401,0
194.200000000000,-7.448959339879,0.189222007528,0.094516280203,0
194.400000000000,-7.408668179102,0.208298083931,0.092461937468,0
194.600000000000,-7.364428275809,0.227015434808,0.090271411887,0
194.800000000000,-7.316285002950,0.245349777312,0.087960959803,0
195.000000000000,-7.264287578373,0.263279057116,0.085546795675,0
195.200000000000,-7.208489002936,0.280783457450,0.083044857455,0
195.400000000000,-7.148945993914,0.297845380043,0.080470599995,0
195.600000000000,-7.085718913818,0.314449400845,0.077838819068,0
195.800000000000,-7.018871694703,0.330582203739,0.075163507168,0
196.000000000000,-6.948471758069,0.346232495572,0.072457740954,0
196.200000000000,-6.874589930475,0.361390905910,0.069733599137,0
196.400000000000,-6.797300354955,0.376049874821,0.067002108754,0
196.600000000000,-6.716680398378,0.390203531842,0.064273217183,0
196.800000000000,-6.632810554863,0.403847569048,0.061555786811,0
197.000000000000,-6.545774345378,0.416979110876,0.058857609101,0
197.200000000000,-6.455658213662,0.429596583046,0.056185434731,0
197.400000000000,-6.362551418612,0.441699582591,0.053545016619,0
197.600000000000,-6.266545923258,0.453288750713,0.050941162780,0
197.800000000000,-6.167736280510,0.464365649847,0.048377796298,0
198.000000000000,-6.066219515790,0.474932646044,0.045858019955,0
198.200000000000,-5.962095006737,0.484992797508,0.043384183421,0
198.400000000000,-5.855464360127,0.494549749886,0.040957951219,0
198.600000000000,-5.746431286178,0.503607638713,0.038580370046,0
198.800000000000,-5.635101470412,0.512170999213,0.036251934263,0
199.000000000000,-5.521582443230,0.520244683534,0.033972648717,0
199.200000000000,-5.405983447397,0.527833785344,0.031742088238,0
199.400000000000,-5.288415303586,0.534943571658,0.029559453401,0
199.600000000000,-5.168990274185,0.541579421632,0.027423622294,0
199.800000000000,-5.047821925530,0.547746772078,0.025333198198,0
200.000000000000,-4.925024988757,0.553451069349,0.023286553192,0
200.200000000000,-4.800715219456,0.558697727262,0.021281867777,0
200.400000000000,-4.675009256308,0.563492090702,0.019317166716,0
200.600000000000,-4.548024478903,0.567839404545,0.017390351293,0
200.800000000000,-4.419878864917,0.571744787560,0.015499228274,0
201.000000000000,-4.290690846844,0.575213210935,0.013641535834,0
201.200000000000,-4.160579168474,0.578249481121,0.011814966765,0
201.400000000000,-4.029662741297,0.580858226691,0.010017189242,0
201.600000000000,-3.898060501041,0.583043888937,0.008245865473,0
201.800000000000,-3.765891264510,0.584810715945,0.006498668482,0
202.000000000000,-3.633273586940,0.586162759940,0.004773297346,0
202.200000000000,-3.500325620031,0.587103877676,0.003067491108,0
202.400000000000,-3.367164970871,0.587637733712,0.001379041645,0
202.600000000000,-3.233908561914,0.587767806405,-0.000294194296,0
202.800000000000,-3.100672492213,0.587497396497,-0.001954283676,0
203.000000000000,-2.967571900087,0.586829638178,-0.003603206158,0
203.200000000000,-2.834720827393,0.585767512527,-0.005242843348,0
203.400000000000,-2.702232085599,0.584313863260,-0.006874968124,0
203.600000000000,-2.570217123817,0.582471414715,-0.008501233901,0
203.800000000000,-2.438785898979,0.580242792011,-0.010123163750,0
204.000000000000,-2.308046748327,0.577630543357,-0.011742139229,0
204.200000000000,-2.178106264369,0.574637164438,-0.013359388902,0
204.400000000000,-2.049069172493,0.571265124869,-0.014975976450,0
204.600000000000,-1.921038211365,0.567516896652,-0.016592788385,0
204.800000000000,-1.794114016292,0.563394984606,-0.018210521350,0
205.000000000000,-1.668395005693,0.558901958706,-0.019829669048,0
205.200000000000,-1.543977270821,0.554040488267,-0.021450508846,0
205.400000000000,-1.420954468886,0.548813377897,-0.023073088178,0
205.600000000000,-1.299417719713,0.543223605092,-0.024697210843,0
205.800000000000,-1.179455506072,0.537274359379,-0.026322423401,0
206.000000000000,-1.061153577803,0.530969082817,-0.027948001841,0
206.200000000000,-0.944594859859,0.524311511689,-0.029572938800,0
206.400000000000,-0.829859364396,0.517305719150,-0.031195931584,0
206.600000000000,-0.717024107003,0.509956158567,-0.032815371341,0
206.800000000000,-0.606163027191,0.502267707250,-0.034429333737,0
207.000000000000,-0.497346913244,0.494245710220,-0.036035571513,0
207.200000000000,-0.390643331515,0.485896023612,-0.037631509366,0
207.400000000000,-0.286116560259,0.477225057295,-0.039214241572,0
207.600000000000,-0.183827528093,0.468239816194,-0.040780532799,0
207.800000000000,-0.083833757151,0.458947939816,-0.042326822570,0
208.000000000000,0.013810688999,0.449357739407,-0.043849233784,0
208.200000000000,0.109055252608,0.439478232137,-0.045343585708,0
208.400000000000,0.201852924110,0.429319171717,-0.046805411780,0
208.600000000000,0.292160279564,0.418891074805,-0.048229982499,0
208.800000000000,0.379937513104,0.408205242567,-0.049612333610,0
209.000000000000,0.465148464394,0.397273776784,-0.050947299656,0
209.200000000000,0.547760641028,0.386109589902,-0.052229552859,0
209.400000000000,0.627745235879,0.374726408473,-0.053453647168,0
209.600000000000,0.705077139364,0.363138769501,-0.054614067129,0
209.800000000000,0.779734946625,0.351362009268,-0.055705281095,0
210.000000000000,0.851700959626,0.339412244319,-0.056721798125,0
210.200000000000,0.920961184163,0.327306344393,-0.057658227755,0
210.400000000000,0.987505321816,0.315061897202,-0.058509341697,0
210.600000000000,1.051326756845,0.302697165101,-0.059270136363,0
210.800000000000,1.112422538067,0.290231033836,-0.059935895039,0
211.000000000000,1.170793355745,0.277682953696,-0.060502248433,0
211.200000000000,1.226443513534,0.265072873557,-0.060965232325,0
211.400000000000,1.279380895516,0.252421168429,-0.061321341011,0
211.600000000000,1.329616928400,0.239748561292,-0.061567575326,0
211.800000000000,1.377166538929,0.227076040068,-0.061701484115,0
212.000000000000,1.422048106569,0.214424770754,-0.061721198160,0
212.200000000000,1.464283411549,0.201816007763,-0.061625455759,0
212.400000000000,1.503897578341,0.189271002620,-0.061413619358,0
212.600000000000,1.540919014654,0.176810912162,-0.061085682886,0
212.800000000000,1.575379346041,0.164456707430,-0.060642269679,0
213.000000000000,1.607313346211,0.152229084378,-0.060084621149,0
213.200000000000,1.636758863165,0.140148377508,-0.059414576577,0
213.400000000000,1.663756741238,0.128234477435,-0.058634544674,0
213.600000000000,1.688350739193,0.116506753309,-0.057747467712,0
213.800000000000,1.710587444463,0.104983980888,-0.056756779246,0
214.000000000000,1.730516183682,0.093684276930,-0.055666356531,0
214.200000000000,1.748188929622,0.082625040422,-0.054480468865,0
214.400000000000,1.763660204687,0.071822901024,-0.053203723090,0
214.600000000000,1.776986981091,0.061293674953,-0.051841007537,0
214.800000000000,1.788228577872,0.051052328381,-0.050397435605,0
215.000000000000,1.797446554884,0.041112948278,-0.048878290131,0
215.200000000000,1.804704603929,0.031488720536,-0.047288969586,0
215.400000000000,1.810068437179,0.022191915038,-0.045634937015,0
215.600000000000,1.813605673048,0.013233877291,-0.043921672487,0
215.800000000000,1.815385719682,0.004625026133,-0.042154629675,0
216.000000000000,1.815479656231,-0.003625143037,-0.040339197049,0
216.200000000000,1.813960112074,-0.011508050108,-0.038480663975,0
216.400000000000,1.810901144168,-0.019016017799,-0.036584191922,0
216.600000000000,1.806378112700,-0.026142255553,-0.034654790811,0
216.800000000000,1.800467555212,-0.032880840407,-0.032697300424,0
217.000000000000,1.793247059387,-0.039226695486,-0.030716376726,0
217.200000000000,1.784795134672,-0.045175566714,-0.028716482827,0
217.400000000000,1.775191082920,-0.050723998317,-0.026701884267,0
217.600000000000,1.764514868237,-0.055869307654,-0.024676648253,0
217.800000000000,1.752846986221,-0.060609559863,-0.022644646442,0
218.000000000000,1.740268332769,-0.064943542742,-0.020609560828,0
218.200000000000,1.726860072655,-0.068870742270,-0.018574892314,0
218.400000000000,1.712703508041,-0.072391319077,-0.016543971496,0
218.600000000000,1.697879947137,-0.075506086137,-0.014519971256,0
218.800000000000,1.682470573169,-0.078216487916,-0.012505920719,0
219.000000000000,1.666556313854,-0.080524581114,-0.010504720177,0
219.200000000000,1.650217711567,-0.082433017133,-0.008519156613,0
219.400000000000,1.633534794376,-0.083945026334,-0.006551919439,0
219.600000000000,1.616586948142,-0.085064404085,-0.004605616149,0
219.800000000000,1.599452789837,-0.085795498592,-0.002682787548,0
220.000000000000,1.582210042296,-0.086143200435,-0.000785922309,0
220.200000000000,1.564935410550,-0.086112933712,0.001082529426,0
220.400000000000,1.547704459924,-0.085710648654,0.002920143608,0
220.600000000000,1.530591496074,-0.084942815543,0.004724511221,0
220.800000000000,1.513669447142,-0.083816419740,0.006493228773,0
221.000000000000,1.497009748166,-0.082338957614,0.008223890497,0
221.200000000000,1.480682227939,-0.080518433121,0.009914082380,0
221.400000000000,1.464754998463,-0.078363354807,0.011561378126,0
221.600000000000,1.449294347152,-0.075882732950,0.013163337133,0
221.800000000000,1.434364631940,-0.073086076586,0.014717504517,0
222.000000000000,1.420028179440,-0.069983390142,0.016221413205,0
222.200000000000,1.406345186299,-0.066585169400,0.017672588088,0
222.400000000000,1.393373623893,-0.062902396545,0.019068552174,0
222.600000000000,1.381169146478,-0.058946534008,0.020406834675,0
222.800000000000,1.369785002953,-0.054729516899,0.021684980902,0
223.000000000000,1.359271952338,-0.050263743777,0.022900563826,0
223.200000000000,1.349678183099,-0.045562065580,0.024051197133,0
223.400000000000,1.341049236422,-0.040637772530,0.025134549544,0
223.600000000000,1.333427933560,-0.035504578875,0.026148360165,0
223.800000000000,1.326854307341,-0.030176605365,0.027090454605,0
224.000000000000,1.321365537942,-0.024668359393,0.027958761557,0
224.200000000000,1.316995893017,-0.018994712770,0.028751329538,0
224.400000000000,1.313776672262,-0.013170877158,0.029466343470,0
224.600000000000,1.311736156506,-0.007212377201,0.030102140761,0
224.800000000000,1.310899561378,-0.001135021474,0.030657226570,0
225.000000000000,1.311288995645,0.005045128630,0.031130287942,0
225.200000000000,1.312923424252,0.011311791870,0.031520206494,0
225.400000000000,1.315818636139,0.017648501785,0.031826069396,0
225.600000000000,1.319987216862,0.024038642720,0.032047178391,0
225.800000000000,1.325438526081,0.030465486960,0.032183056652,0
226.000000000000,1.332178679917,0.036912232681,0.032233453307,0
226.200000000000,1.340210538229,0.043362042387,0.032198345535,0
226.400000000000,1.349533696823,0.049798081494,0.032077938148,0
226.600000000000,1.360144484597,0.056203556727,0.031872660672,0
226.800000000000,1.372035965631,0.062561753992,0.031583161961,0
227.000000000000,1.385197946230,0.068856075382,0.031210302443,0
227.200000000000,1.399616986898,0.075070075017,0.030755144151,0
227.400000000000,1.415276419228,0.081187493411,0.030218938727,0
227.600000000000,1.432156367698,0.087192290111,0.029603113635,0
227.800000000000,1.450233776329,0.093068674350,0.028909256846,0
228.000000000000,1.469482440176,0.098801133547,0.028139100290,0
228.200000000000,1.489873041611,0.104374459454,0.027294502391,0
228.400000000000,1.511373191340,0.109773771866,0.026377430000,0
228.600000000000,1.533947474106,0.114984539783,0.025389940062,0
228.800000000000,1.557557499015,0.119992600014,0.024334161329,0
229.000000000000,1.582161954401,0.124784173220,0.023212276454,0
229.200000000000,1.607716667180,0.129345877441,0.022026504734,0
229.400000000000,1.634174666589,0.133664739210,0.020779085816,0
229.600000000000,1.661486252230,0.137728202360,0.019472264589,0
229.800000000000,1.689599066323,0.141524134707,0.018108277508,0
230.000000000000,1.718458170077,0.145040832780,0.016689340542,0
230.200000000000,1.748006124056,0.148267024831,0.015217638910,0
230.400000000000,1.778183072442,0.151191872355,0.013695318754,0
230.600000000000,1.808926831078,0.153804970391,0.012124480847,0
230.800000000000,1.840172979154,0.156096346877,0.010507176416,0
231.000000000000,1.871854954432,0.158056461338,0.008845405145,0
231.200000000000,1.903904151857,0.159676203218,0.007141115370,0
231.400000000000,1.936250025426,0.160946890143,0.005396206478,0
231.600000000000,1.968820193171,0.161860266422,0.003612533496,0
231.800000000000,2.001540545116,0.162408502078,0.001791913822,0
232.000000000000,2.034335354047,0.162584192703,-0.000063863947,0
232.200000000000,2.067127388947,0.162380360419,-0.001953029178,0
232.400000000000,2.099838030939,0.161790456209,-0.003873816432,0
232.600000000000,2.132387391571,0.160808363874,-0.005824450887,0
232.800000000000,2.164694433280,0.159428405861,-0.007803132077,0
233.000000000000,2.196677091871,0.157645351155,-0.009808016094,0
233.200000000000,2.228252400828,0.155454425443,-0.011837196431,0
233.400000000000,2.259336617297,0.152851323698,-0.013888683655,0
233.600000000000,2.289845349561,0.149832225320,-0.015960384145,0
233.800000000000,2.319693685817,0.146393811919,-0.018050078138,0
234.000000000000,2.348796324095,0.142533287800,-0.020155397378,0
234.200000000000,2.377067703117,0.138248403155,-0.022273802693,0
234.400000000000,2.404422133932,0.133537479923,-0.024402561863,0
234.600000000000,2.430773932122,0.128399440230,-0.026538728185,0
234.800000000000,2.456037550412,0.122833837256,-0.028679120185,0
235.000000000000,2.480127711485,0.116840888314,-0.030820302970,0
235.200000000000,2.502959540823,0.110421509881,-0.032958571744,0
235.400000000000,2.524448699384,0.103577354214,-0.035089938063,0
235.600000000000,2.544511515925,0.096310847147,-0.037210119413,0
235.800000000000,2.563065118798,0.088625226585,-0.039314532741,0
236.000000000000,2.580027567012,0.080524581114,-0.041398292546,0
236.200000000000,2.595317980400,0.072013888104,-0.043456214141,0
236.400000000000,2.608856668686,0.063099050607,-0.045482822677,0
236.600000000000,2.620565259283,0.053786932274,-0.047472368447,0
236.800000000000,2.630366823641,0.044085389472,-0.049418848930,0
237.000000000000,2.638186001958,0.034003299759,-0.051316037912,0
237.200000000000,2.643949126083,0.023550585805,-0.053157521910,0
237.400000000000,2.647584340436,0.012738233877,-0.054936743937,0
237.600000000000,2.649021720778,0.001578305989,-0.056647054487,0
237.800000000000,2.648193390647,-0.009916055134,-0.058281769388,0
238.000000000000,2.645033635316,-0.021730629080,-0.059834233944,0
238.200000000000,2.639479013090,-0.033850129481,-0.061297892567,0
238.400000000000,2.631468463798,-0.046258225067,-0.062666362833,0
238.600000000000,2.620943414313,-0.058937570500,-0.063933512689,0
238.800000000000,2.607847880961,-0.071869847322,-0.065093539304,0
239.000000000000,2.592128568662,-0.085035815135,-0.066141047916,0
239.200000000000,2.573734966663,-0.098415372959,-0.067071128839,0
239.400000000000,2.552619440726,-0.111987630478,-0.067879430772,0
239.600000000000,2.528737321640,-0.125730988697,-0.068562228503,0
239.800000000000,2.502046989923,-0.139623229269,-0.069116483165,0
240.000000000000,2.472509956592,-0.153641611590,-0.069539893329,0
240.200000000000,2.440090939889,-0.167762976539,-0.069830935430,0
240.400000000000,2.404757937839,-0.181963855554,-0.069988892266,0
240.600000000000,2.366482296552,-0.196220583627,-0.070013868645,0
240.800000000000,2.325238774137,-0.210509414669,-0.069906793625,0
241.000000000000,2.281005600172,-0.224806637615,-0.069669409173,0
241.200000000000,2.233764530600,-0.239088691664,-0.069304245467,0
241.400000000000,2.183500898008,-0.253332278989,-0.068814583486,0
241.600000000000,2.130203657174,-0.267514473396,-0.068204405860,0
241.800000000000,2.073865425842,-0.281612823432,-0.067478337312,0
242.000000000000,2.014482520643,-0.295605448640,-0.066641576253,0
242.200000000000,1.952054988111,-0.309471127789,-0.065699819331,0
242.400000000000,1.886586630745,-0.323189378108,-0.064659180819,0
242.600000000000,1.818085028068,-0.336740524764,-0.063526108814,0
242.800000000000,1.746561552647,-0.350105760031,-0.062307300158,0
243.000000000000,1.672031381053,-0.363267191816,-0.061009615957,0
243.200000000000,1.594513499715,-0.376207881440,-0.059639999365,0
243.400000000000,1.514030705683,-0.388911870730,-0.058205397159,0
243.600000000000,1.430609602259,-0.401364198704,-0.056712686378,0
243.800000000000,1.344280589514,-0.413550908283,-0.055168607053,0
244.000000000000,1.255077849691,-0.425459043569,-0.053579701814,0
244.200000000000,1.163039327498,-0.437076638403,-0.051952262882,0
244.400000000000,1.068206705315,-0.448392696945,-0.050292286738,0
244.600000000000,0.970625373346,-0.459397167114,-0.048605436511,0
244.800000000000,0.870344394732,-0.470080907751,-0.046897011961,0
245.000000000000,0.767416465680,-0.480435650383,-0.045171926749,0
245.200000000000,0.661897870645,-0.490453956459,-0.043434692546,0
245.400000000000,0.553848432621,-0.500129170904,-0.041689409456,0
245.600000000000,0.443331458595,-0.509455372814,-0.039939762121,0
245.800000000000,0.330413680242,-0.518427324030,-0.038189020869,0
246.000000000000,0.215165189909,-0.527040416324,-0.036440047214,0
246.200000000000,0.097659372005,-0.535290617810,-0.034695303041,0
246.400000000000,-0.022027170163,-0.543174419169,-0.032956862818,0
246.600000000000,-0.143814691981,-0.550688780199,-0.031226428225,0
246.800000000000,-0.267620389463,-0.557831077106,-0.029505344606,0
247.000000000000,-0.393358485433,-0.564599050941,-0.027794618753,0
247.200000000000,-0.520940319829,-0.570990757466,-0.026094937520,0
247.400000000000,-0.650274444029,-0.577004518727,-0.024406686892,0
247.600000000000,-0.781266719074,-0.582638876527,-0.022729971143,0
247.800000000000,-0.913820417652,-0.587892547957,-0.021064631798,0
248.000000000000,-1.047836329734,-0.592764383103,-0.019410266162,0
248.200000000000,-1.183212871707,-0.597253325005,-0.017766245230,0
248.400000000000,-1.319846198868,-0.601358371927,-0.016131730848,0
248.600000000000,-1.457630321145,-0.605078541954,-0.014505692016,0
248.800000000000,-1.596457221876,-0.608412839926,-0.012886920286,0
249.000000000000,-1.736216979511,-0.611360226708,-0.011274044235,0
249.200000000000,-1.876797892066,-0.613919590762,-0.009665543010,0
249.400000000000,-2.018086604174,-0.616089722013,-0.008059758998,0
249.600000000000,-2.159968236564,-0.617869287977,-0.006454909662,0
249.800000000000,-2.302326517802,-0.619256812122,-0.004849098639,0
250.000000000000,-2.445043918125,-0.620250654452,-0.003240326196,0
250.200000000000,-2.588001785180,-0.620848994297,-0.001626499155,0
250.400000000000,-2.731080481510,-0.621049815305,-0.000005440435,0
250.600000000000,-2.874159523591,-0.620850892655,0.001625101654,0
250.800000000000,-3.017117722248,-0.620249782523,0.003267444190,0
251.000000000000,-3.159833324256,-0.619243813825,0.004923960318,0
251.200000000000,-3.302184154954,-0.617830082330,0.006597069636,0
251.400000000000,-3.444047761674,-0.616005447206,0.008289228087,0
251.600000000000,-3.585301557797,-0.613766530120,0.010002917116,0
251.800000000000,-3.725822967254,-0.611109717021,0.011740631894,0
252.000000000000,-3.865489569275,-0.608031162758,0.013504868317,0
252.200000000000,-4.004179243200,-0.604526798726,0.015298108558,0
252.400000000000,-4.141770313156,-0.600592343738,0.017122804866,0
252.600000000000,-4.278141692420,-0.596223318365,0.018981361359,0
252.800000000000,-4.413173027262,-0.591415063001,0.020876113485,0
253.000000000000,-4.546744840098,-0.586162759940,0.022809304889,0
253.200000000000,-4.678738671741,-0.580461459760,0.024783061368,0
253.400000000000,-4.809037222589,-0.574306112356,0.026799361640,0
253.600000000000,-4.937524492540,-0.567691602948,0.028860004661,0
253.800000000000,-5.064085919461,-0.560612793408,0.030966573241,0
254.000000000000,-5.188608516033,-0.553064569275,0.033120393779,0
254.200000000000,-5.310981004778,-0.545041892775,0.035322491965,0
254.400000000000,-5.431093951102,-0.536539862185,0.037573544408,0
254.600000000000,-5.548839894166,-0.527553777827,0.039873826227,0
254.800000000000,-5.664113475431,-0.518079214936,0.042223154786,0
255.000000000000,-5.776811564686,-0.508112103578,0.044620829908,0
255.200000000000,-5.886833383409,-0.497648815702,0.047065571087,0
255.400000000000,-5.994080625283,-0.486686259323,0.049555452446,0
255.600000000000,-6.098457573731,-0.475221979656,0.052087836429,0
255.800000000000,-6.199871216284,-0.463254266904,0.054659307512,0
256.000000000000,-6.298231355662,-0.450782270170,0.057265607514,0
256.200000000000,-6.393450717392,-0.437806116777,0.059901574399,0
256.400000000000,-6.485445053856,-0.424327036005,0.062561086813,0
256.600000000000,-6.574133244588,-0.410347485999,0.065237016887,0
256.800000000000,-6.659437392731,-0.395871282306,0.067921194134,0
257.000000000000,-6.741282917499,-0.380903726190,0.070604383485,0
257.200000000000,-6.819598642527,-0.365451730560,0.073276280657,0
257.400000000000,-6.894316880007,-0.349523941065,0.075925528072,0
257.600000000000,-6.965373510477,-0.333130849609,0.078539754413,0
257.800000000000,-7.032708058178,-0.316284897306,0.081105640624,0
258.000000000000,-7.096263761867,-0.299000563732,0.083609014661,0
258.200000000000,-7.155987641000,-0.281294439192,0.086034976578,0
258.400000000000,-7.211830557194,-0.263185276757,0.088368054606,0
258.600000000000,-7.263747270892,-0.244694020887,0.090592391745,0
258.800000000000,-7.311696493153,-0.225843809736,0.092691961050,0
259.000000000000,-7.355640932501,-0.206659948582,0.094650806373,0
259.200000000000,-7.395547336773,-0.187169852355,0.096453303784,0
259.400000000000,-7.431386529909,-0.167402955905,0.098084437475,0
259.600000000000,-7.463133443641,-0.147390591398,0.099530082583,0
259.800000000000,-7.490767144035,-0.127165833170,0.100777286323,0
260.000000000000,-7.514270852857,-0.106763311261,0.101814538091,0
260.200000000000,-7.533631963736,-0.086218995874,0.102632018919,0
260.400000000000,-7.548842053092,-0.065569955956,0.103221820891,0
260.600000000000,-7.559896885845,-0.044854096000,0.103578127907,0
260.800000000000,-7.566796415860,-0.024109875940,0.103697350441,0
261.000000000000,-7.569544781161,-0.003376019660,0.103578208717,0
261.200000000000,-7.568150293914,0.017308781963,0.103221760800,0
261.400000000000,-7.562625425177,0.037906167319,0.102631374469,0
261.600000000000,-7.552986784467,0.058378393536,0.101812644127,0
261.800000000000,-7.539255094148,0.078688613285,0.100773256340,0
262.000000000000,-7.521455158696,0.098801133547,0.099522809685,0
262.200000000000,-7.499615828866,0.118681651627,0.098072596282,0
262.400000000000,-7.473769960825,0.138297464523,0.096435353661,0
262.600000000000,-7.443954370299,0.157617648648,0.094624996306,0
262.800000000000,-7.410209781797,0.176613207924,0.092656336463,0
263.000000000000,-7.372580772991,0.195257189203,0.090544803434,0
263.200000000000,-7.331115714310,0.213524764934,0.088306169903,0
263.400000000000,-7.285866703853,0.231393283857,0.085956292710,0
263.600000000000,-7.236889497686,0.248842291250,0.083510874188,0
263.800000000000,-7.184243435641,0.265853520901,0.080985248735,0
264.000000000000,-7.127991362697,0.282410861441,0.078394197777,0
264.200000000000,-7.068199546060,0.298500300039,0.075751794888,0
264.400000000000,-7.004937588061,0.314109846655,0.073071281514,0
264.600000000000,-6.938278334970,0.329229442132,0.070364972643,0
264.800000000000,-6.868297781872,0.343850853382,0.067644190829,0
265.000000000000,-6.795074973714,0.357967558783,0.064919226321,0
265.200000000000,-6.718691902674,0.371574626730,0.062199320530,0
265.400000000000,-6.639233401972,0.384668590018,0.059492669790,0
265.600000000000,-6.556787036286,0.397247318452,0.056806446287,0
265.800000000000,-6.471442988901,0.409309891788,0.054146832999,0
266.000000000000,-6.383293945763,0.420856474779,0.051519069690,0
266.200000000000,-6.292434976573,0.431888195823,0.048927507176,0
266.400000000000,-6.198963413098,0.442407030390,0.046375667392,0
266.600000000000,-6.102978724858,0.452415690179,0.043866307056,0
266.800000000000,-6.004582392346,0.461917518668,0.041401483098,0
267.000000000000,-5.903877777966,0.470916393550,0.038982618269,0
267.200000000000,-5.800969994856,0.479416636333,0.036610565713,0
267.400000000000,-5.695965773769,0.487422929243,0.034285671489,0
267.600000000000,-5.588973328188,0.494940239425,0.032007834342,0
267.800000000000,-5.480102217875,0.501973750346,0.029776562188,0
268.000000000000,-5.369463211006,0.508528800212,0.027591024983,0
268.200000000000,-5.257168145107,0.514610827158,0.025450103809,0
268.400000000000,-5.143329786951,0.520225320910,0.023352436109,0
268.600000000000,-5.028061691624,0.525377780615,0.021296457141,0
268.800000000000,-4.911478060935,0.530073678487,0.019280437752,0
269.000000000000,-4.793693601367,0.534318428941,0.017302518689,0
269.200000000000,-4.674823381750,0.538117362856,0.015360741646,0
269.400000000000,-4.554982690856,0.541475706667,0.013453077326,0
269.600000000000,-4.434286895100,0.544398565927,0.011577450770,0
269.800000000000,-4.312851296531,0.546890913083,0.009731764250,0
270.000000000000,-4.190790991317,0.548957579146,0.007913917992,0
270.200000000000,-4.068220728897,0.550603249024,0.006121829007,0
270.400000000000,-3.945254771995,0.551832460274,0.004353448289,0
270.600000000000,-3.822006757683,0.552649605043,0.002606776638,0
270.800000000000,-3.698589559666,0.553058935032,0.000879879321,0
271.000000000000,-3.575115151994,0.553064569275,-0.000829100196,0
271.200000000000,-3.451694474349,0.552670504614,-0.002521927261,0
271.370225129027,-3.346702067729,0.552670504614,0.000000000000,0
271.540450258054,-3.241709661109,0.552670504614,0.000000000000,0
271.710675387080,-3.136717254489,0.552670504614,0.000000000000,0
271.880900516107,-3.031724847870,0.552670504614,0.000000000000,0
272.051125645134,-2.926732441250,0.552670504614,0.000000000000,0
272.221350774161,-2.821740034630,0.552670504614,0.000000000000,0
272.391575903187,-2.716747628010,0.552670504614,0.000000000000,0
272.561801032214,-2.611755221390,0.552670504614,0.000000000000,0
272.732026161241,-2.506762814771,0.552670504614,0.000000000000,0
272.902251290268,-2.401770408151,0.552670504614,0.000000000000,0
273.072476419295,-2.296778001531,0.552670504614,0.000000000000,0
273.242701548321,-2.191785594911,0.552670504614,0.000000000000,0
273.412926677348,-2.086793188291,0.552670504614,0.000000000000,0
273.583151806375,-1.981800781672,0.552670504614,0.000000000000,0
273.753376935402,-1.876808375052,0.552670504614,0.000000000000,0
273.923602064428,-1.771815968432,0.552670504614,0.000000000000,0
274.093827193455,-1.666823561812,0.552670504614,0.000000000000,0
274.264052322482,-1.561831155192,0.552670504614,0.000000000000,0
274.434277451509,-1.456838748573,0.552670504614,0.000000000000,0
274.604502580535,-1.351846341953,0.552670504614,0.000000000000,0
274.774727709562,-1.246853935333,0.552670504614,0.000000000000,0
274.944952838589,-1.141861528713,0.552670504614,0.000000000000,0
275.115177967616,-1.036869122093,0.552670504614,0.000000000000,0
275.285403096643,-0.931876715473,0.552670504614,0.000000000000,0
275.455628225669,-0.826884308854,0.552670504614,0.000000000000,0
275.625853354696,-0.721891902234,0.552670504614,0.000000000000,0
275.796078483723,-0.616899495614,0.552670504614,0.000000000000,0
275.966303612750,-0.511907088994,0.552670504614,0.000000000000,0
276.136528741776,-0.406914682374,0.552670504614,0.000000000000,0
276.306753870803,-0.301922275755,0.552670504614,0.000000000000,0
276.476978999830,-0.196929869135,0.552670504614,0.000000000000,0
276.647204128857,-0.091937462515,0.552670504614,0.000000000000,0
276.817429257884,0.013054944105,0.552670504614,0.000000000000,0
276.987654386910,0.118047350725,0.552670504614,0.000000000000,0
277.157879515937,0.223039757344,0.552670504614,0.000000000000,0
277.328104644964,0.328032163964,0.552670504614,0.000000000000,0
277.498329773991,0.433024570584,0.552670504614,0.000000000000,0
277.668554903017,0.538016977204,0.552670504614,0.000000000000,0
277.838780032044,0.643009383824,0.552670504614,0.000000000000,0
278.009005161071,0.748001790443,0.552670504614,0.000000000000,0
278.179230290098,0.852994197063,0.552670504614,0.000000000000,0
278.349455419125,0.957986603683,0.552670504614,0.000000000000,0
278.519680548151,1.062979010303,0.552670504614,0.000000000000,0
278.689905677178,1.167971416923,0.552670504614,0.000000000000,0
278.860130806205,1.272963823542,0.552670504614,0.000000000000,0
279.030355935232,1.377956230162,0.552670504614,0.000000000000,0
279.200581064258,1.482948636782,0.552670504614,0.000000000000,0
279.370806193285,1.587941043402,0.552670504614,0.000000000000,0
279.541031322312,1.692933450022,0.552670504614,0.000000000000,0
279.711256451339,1.797925856641,0.552670504614,0.000000000000,0
279.881481580366,1.902918263261,0.552670504614,0.000000000000,0
280.051706709392,2.007910669881,0.552670504614,0.000000000000,0
280.221931838419,2.112903076501,0.552670504614,0.000000000000,0
280.392156967446,2.217895483121,0.552670504614,0.000000000000,0
280.562382096473,2.322887889740,0.552670504614,0.000000000000,0
280.732607225499,2.427880296360,0.552670504614,0.000000000000,0
280.902832354526,2.532872702980,0.552670504614,0.000000000000,0
281.073057483553,2.637865109600,0.552670504614,0.000000000000,0
281.243282612580,2.742857516220,0.552670504614,0.000000000000,0
281.413507741606,2.847849922839,0.552670504614,0.000000000000,0
281.583732870633,2.952842329459,0.552670504614,0.000000000000,0
281.753957999660,3.057834736079,0.552670504614,0.000000000000,0
281.924183128687,3.162827142699,0.552670504614,0.000000000000,0
282.094408257714,3.267819549319,0.552670504614,0.000000000000,0
282.264633386740,3.372811955938,0.552670504614,0.000000000000,0
282.434858515767,3.477804362558,0.552670504614,0.000000000000,0
282.605083644794,3.582796769178,0.552670504614,0.000000000000,0
282.775308773821,3.687789175798,0.552670504614,0.000000000000,0
282.945533902847,3.792781582418,0.552670504614,0.000000000000,0
283.115759031874,3.897773989037,0.552670504614,0.000000000000,0
283.285984160901,4.002766395657,0.552670504614,0.000000000000,0
283.456209289928,4.107758802277,0.552670504614,0.000000000000,0
283.626434418955,4.212751208897,0.552670504614,0.000000000000,0
283.796659547981,4.317743615517,0.552670504614,0.000000000000,0
283.966884677008,4.422736022136,0.552670504614,0.000000000000,0
284.137109806035,4.527728428756,0.552670504614,0.000000000000,0
284.307334935062,4.632720835376,0.552670504614,0.000000000000,0
284.477560064088,4.737713241996,0.552670504614,0.000000000000,0
284.647785193115,4.842705648616,0.552670504614,0.000000000000,0
284.818010322142,4.947698055235,0.552670504614,0.000000000000,0
284.988235451169,5.052690461855,0.552670504614,0.000000000000,0
285.158460580196,5.157682868475,0.552670504614,0.000000000000,0
285.328685709222,5.262675275095,0.552670504614,0.000000000000,0
285.498910838249,5.367667681715,0.552670504614,0.000000000000,0
285.669135967276,5.472660088334,0.552670504614,0.000000000000,0
285.839361096303,5.577652494954,0.552670504614,0.000000000000,0
286.009586225329,5.682644901574,0.552670504614,0.000000000000,0
286.179811354356,5.787637308194,0.552670504614,0.000000000000,0
286.350036483383,5.892629714814,0.552670504614,0.000000000000,0
286.520261612410,5.997622121433,0.552670504614,0.000000000000,0
286.690486741436,6.102614528053,0.552670504614,0.000000000000,0
286.860711870463,6.207606934673,0.552670504614,0.000000000000,0
287.030936999490,6.312599341293,0.552670504614,0.000000000000,0
287.201162128517,6.417591747913,0.552670504614,0.000000000000,0
287.371387257544,6.522584154532,0.552670504614,0.000000000000,0
287.541612386570,6.627576561152,0.552670504614,0.000000000000,0
287.711837515597,6.732568967772,0.552670504614,0.000000000000,0
287.882062644624,6.837561374392,0.552670504614,0.000000000000,0
288.052287773651,6.942553781012,0.552670504614,0.000000000000,0
288.222512902677,7.047546187631,0.552670504614,0.000000000000,0
288.392738031704,7.152538594251,0.552670504614,0.000000000000,0
288.562963160731,7.257531000871,0.552670504614,0.000000000000,0
288.733188289758,7.362523407491,0.552670504614,0.000000000000,0
288.903413418785,7.467515814111,0.552670504614,0.000000000000,0
289.073638547811,7.572508220730,0.552670504614,0.000000000000,0
289.243863676838,7.677500627350,0.552670504614,0.000000000000,0
289.414088805865,7.782493033970,0.552670504614,0.000000000000,0
289.584313934892,7.887485440590,0.552670504614,0.000000000000,0
289.754539063918,7.992477847210,0.552670504614,0.000000000000,0
289.924764192945,8.097470253829,0.552670504614,0.000000000000,0
290.094989321972,8.202462660449,0.552670504614,0.000000000000,0
290.265214450999,8.307455067069,0.552670504614,0.000000000000,0
290.435439580026,8.412447473689,0.552670504614,0.000000000000,0
290.605664709052,8.517439880309,0.552670504614,0.000000000000,0
290.775889838079,8.622432286928,0.552670504614,0.000000000000,0
290.946114967106,8.727424693548,0.552670504614,0.000000000000,0
291.116340096133,8.832417100168,0.552670504614,0.000000000000,0
291.286565225159,8.937409506788,0.552670504614,0.000000000000,0
291.456790354186,9.042401913408,0.552670504614,0.000000000000,0
291.627015483213,9.147394320028,0.552670504614,0.000000000000,0
291.797240612240,9.252386726647,0.552670504614,0.000000000000,0
291.967465741266,9.357379133267,0.552670504614,0.000000000000,0
292.137690870293,9.462371539887,0.552670504614,0.000000000000,0
292.307915999320,9.567363946507,0.552670504614,0.000000000000,0
292.478141128347,9.672356353127,0.552670504614,0.000000000000,0
292.648366257374,9.777348759746,0.552670504614,0.000000000000,0
292.818591386400,9.882341166366,0.552670504614,0.000000000000,0
292.988816515427,9.987333572986,0.552670504614,0.000000000000,0
293.159041644454,10.092325979606,0.552670504614,0.000000000000,0
293.329266773481,10.197318386226,0.552670504614,0.000000000000,0
293.499491902507,10.302310792845,0.552670504614,0.000000000000,0
293.669717031534,10.407303199465,0.552670504614,0.000000000000,0
293.839942160561,10.512295606085,0.552670504614,0.000000000000,0
294.010167289588,10.617288012705,0.552670504614,0.000000000000,0
294.180392418615,10.722280419325,0.552670504614,0.000000000000,0
294.350617547641,10.827272825944,0.552670504614,0.000000000000,0
294.520842676668,10.932265232564,0.552670504614,0.000000000000,0
294.691067805695,11.037257639184,0.552670504614,0.000000000000,0
294.861292934722,11.142250045804,0.552670504614,0.000000000000,0
295.031518063748,11.247242452424,0.552670504614,0.000000000000,0
295.201743192775,11.352234859043,0.552670504614,0.000000000000,0
295.371968321802,11.457227265663,0.552670504614,0.000000000000,0
295.542193450829,11.562219672283,0.552670504614,0.000000000000,0
295.712418579856,11.667212078903,0.552670504614,0.000000000000,0
295.882643708882,11.772204485523,0.552670504614,0.000000000000,0
296.052868837909,11.877196892142,0.552670504614,0.000000000000,0
296.223093966936,11.982189298762,0.552670504614,0.000000000000,0
296.393319095963,12.087181705382,0.552670504614,0.000000000000,0
296.563544224989,12.192174112002,0.552670504614,0.000000000000,0
296.733769354016,12.297166518622,0.552670504614,0.000000000000,0
296.903994483043,12.402158925241,0.552670504614,0.000000000000,0
297.074219612070,12.507151331861,0.552670504614,0.000000000000,0
297.244444741097,12.612143738481,0.552670504614,0.000000000000,0
297.414669870123,12.717136145101,0.552670504614,0.000000000000,0
297.584894999150,12.822128551721,0.552670504614,0.000000000000,0
297.755120128177,12.927120958340,0.552670504614,0.000000000000,0
297.925345257204,13.032113364960,0.552670504614,0.000000000000,0
298.095570386230,13.137105771580,0.552670504614,0.000000000000,0
298.265795515257,13.242098178200,0.552670504614,0.000000000000,0
298.436020644284,13.347090584820,0.552670504614,0.000000000000,0
298.606245773311,13.452082991439,0.552670504614,0.000000000000,0
298.776470902338,13.557075398059,0.552670504614,0.000000000000,0
298.946696031364,13.662067804679,0.552670504614,0.000000000000,0
299.116921160391,13.767060211299,0.552670504614,0.000000000000,0
299.287146289418,13.872052617919,0.552670504614,0.000000000000,0
299.457371418445,13.977045024538,0.552670504614,0.000000000000,0
299.627596547471,14.082037431158,0.552670504614,0.000000000000,0
299.797821676498,14.187029837778,0.552670504614,0.000000000000,0
299.968046805525,14.292022244398,0.552670504614,0.000000000000,0
300.138271934552,14.397014651018,0.552670504614,0.000000000000,0
300.308497063578,14.502007057637,0.552670504614,0.000000000000,0
300.478722192605,14.606999464257,0.552670504614,0.000000000000,0
300.648947321632,14.711991870877,0.552670504614,0.000000000000,0
300.819172450659,14.816984277497,0.552670504614,0.000000000000,0
300.989397579686,14.921976684117,0.552670504614,0.000000000000,0
301.159622708712,15.026969090736,0.552670504614,0.000000000000,0
301.329847837739,15.131961497356,0.552670504614,0.000000000000,0
301.500072966766,15.236953903976,0.552670504614,0.000000000000,0
301.670298095793,15.341946310596,0.552670504614,0.000000000000,0
301.840523224819,15.446938717216,0.552670504614,0.000000000000,0
302.010748353846,15.551931123835,0.552670504614,0.000000000000,0
302.180973482873,15.656923530455,0.552670504614,0.000000000000,0
302.351198611900,15.761915937075,0.552670504614,0.000000000000,0
302.521423740927,15.866908343695,0.552670504614,0.000000000000,0
302.691648869953,15.971900750315,0.552670504614,0.000000000000,0
302.861873998980,16.076893156934,0.552670504614,0.000000000000,0
303.032099128007,16.181885563554,0.552670504614,0.000000000000,0
303.202324257034,16.286877970174,0.552670504614,0.000000000000,0
303.372549386060,16.391870376794,0.552670504614,0.000000000000,0
303.542774515087,16.496862783414,0.552670504614,0.000000000000,0
303.712999644114,16.601855190033,0.552670504614,0.000000000000,0
303.883224773141,16.706847596653,0.552670504614,0.000000000000,0
304.053449902168,16.811840003273,0.552670504614,0.000000000000,0
304.223675031194,16.916832409893,0.552670504614,0.000000000000,0
304.393900160221,17.021824816513,0.552670504614,0.000000000000,0
304.564125289248,17.126817223132,0.552670504614,0.000000000000,0
304.734350418275,17.231809629752,0.552670504614,0.000000000000,0
304.904575547301,17.336802036372,0.552670504614,0.000000000000,0
305.074800676328,17.441794442992,0.552670504614,0.000000000000,0
305.245025805355,17.546786849612,0.552670504614,0.000000000000,0
305.415250934382,17.651779256231,0.552670504614,0.000000000000,0
305.585476063409,17.756771662851,0.552670504614,0.000000000000,0
305.755701192435,17.861764069471,0.552670504614,0.000000000000,0
305.925926321462,17.966756476091,0.552670504614,0.000000000000,0
306.096151450489,18.071748882711,0.552670504614,0.000000000000,0
306.266376579516,18.176741289330,0.552670504614,0.000000000000,0
306.436601708542,18.281733695950,0.552670504614,0.000000000000,0
306.606826837569,18.386726102570,0.552670504614,0.000000000000,0
306.777051966596,18.491718509190,0.552670504614,0.000000000000,0
306.947277095623,18.596710915810,0.552670504614,0.000000000000,0
307.117502224649,18.701703322430,0.552670504614,0.000000000000,0
307.287727353676,18.806695729049,0.552670504614,0.000000000000,0
307.457952482703,18.911688135669,0.552670504614,0.000000000000,0
307.628177611730,19.016680542289,0.552670504614,0.000000000000,0
307.798402740757,19.121672948909,0.552670504614,0.000000000000,0
307.968627869783,19.226665355529,0.552670504614,0.000000000000,0
308.138852998810,19.331657762148,0.552670504614,0.000000000000,0
308.309078127837,19.436650168768,0.552670504614,0.000000000000,0
308.479303256864,19.541642575388,0.552670504614,0.000000000000,0
308.649528385890,19.646634982008,0.552670504614,0.000000000000,0
308.819753514917,19.751627388628,0.552670504614,0.000000000000,0
308.989978643944,19.856619795247,0.552670504614,0.000000000000,0
309.160203772971,19.961612201867,0.552670504614,0.000000000000,0
309.330428901998,20.066604608487,0.552670504614,0.000000000000,0
309.500654031024,20.171597015107,0.552670504614,0.000000000000,0
309.670879160051,20.276589421727,0.552670504614,0.000000000000,0
309.841104289078,20.381581828346,0.552670504614,0.000000000000,0
310.011329418105,20.486574234966,0.552670504614,0.000000000000,0
310.181554547131,20.591566641586,0.552670504614,0.000000000000,0
310.351779676158,20.696559048206,0.552670504614,0.000000000000,0
310.522004805185,20.801551454826,0.552670504614,0.000000000000,0
310.692229934212,20.906543861445,0.552670504614,0.000000000000,0
310.862455063239,21.011536268065,0.552670504614,0.000000000000,0
311.032680192265,21.116528674685,0.552670504614,0.000000000000,0
311.202905321292,21.221521081305,0.552670504614,0.000000000000,0
311.373130450319,21.326513487925,0.552670504614,0.000000000000,0
311.543355579346,21.431505894544,0.552670504614,0.000000000000,0
311.713580708372,21.536498301164,0.552670504614,0.000000000000,0
311.883805837399,21.641490707784,0.552670504614,0.000000000000,0
312.054030966426,21.746483114404,0.552670504614,0.000000000000,0
312.224256095453,21.851475521024,0.552670504614,0.000000000000,0
312.394481224479,21.956467927643,0.552670504614,0.000000000000,0
312.564706353506,22.061460334263,0.552670504614,0.000000000000,0
312.734931482533,22.166452740883,0.552670504614,0.000000000000,0
312.905156611560,22.271445147503,0.552670504614,0.000000000000,0
313.075381740587,22.376437554123,0.552670504614,0.000000000000,0
313.245606869613,22.481429960742,0.552670504614,0.000000000000,0
313.415831998640,22.586422367362,0.552670504614,0.000000000000,0
313.586057127667,22.691414773982,0.552670504614,0.000000000000,0
313.756282256694,22.796407180602,0.552670504614,0.000000000000,0
313.926507385720,22.901399587222,0.552670504614,0.000000000000,0
314.096732514747,23.006391993841,0.552670504614,0.000000000000,0
314.266957643774,23.111384400461,0.552670504614,0.000000000000,0
314.437182772801,23.216376807081,0.552670504614,0.000000000000,0
314.607407901828,23.321369213701,0.552670504614,0.000000000000,0
314.777633030854,23.426361620321,0.552670504614,0.000000000000,0
314.947858159881,23.531354026940,0.552670504614,0.000000000000,0
315.118083288908,23.636346433560,0.552670504614,0.000000000000,0
315.288308417935,23.741338840180,0.552670504614,0.000000000000,0
315.458533546961,23.846331246800,0.552670504614,0.000000000000,0
315.628758675988,23.951323653420,0.552670504614,0.000000000000,0
315.798983805015,24.056316060039,0.552670504614,0.000000000000,0
315.969208934042,24.161308466659,0.552670504614,0.000000000000,0
316.139434063069,24.266300873279,0.552670504614,0.000000000000,0
316.309659192095,24.371293279899,0.552670504614,0.000000000000,0
316.479884321122,24.476285686519,0.552670504614,0.000000000000,0
316.650109450149,24.581278093138,0.552670504614,0.000000000000,0
316.820334579176,24.686270499758,0.552670504614,0.000000000000,0
316.990559708202,24.791262906378,0.552670504614,0.000000000000,0
317.160784837229,24.896255312998,0.552670504614,0.000000000000,0
317.331009966256,25.001247719618,0.552670504614,0.000000000000,0
317.501235095283,25.106240126237,0.552670504614,0.000000000000,0
317.671460224309,25.211232532857,0.552670504614,0.000000000000,0
317.841685353336,25.316224939477,0.552670504614,0.000000000000,0
318.011910482363,25.421217346097,0.552670504614,0.000000000000,0
318.182135611390,25.526209752717,0.552670504614,0.000000000000,0
318.352360740417,25.631202159336,0.552670504614,0.000000000000,0
318.522585869443,25.736194565956,0.552670504614,0.000000000000,0
318.692810998470,25.841186972576,0.552670504614,0.000000000000,0
318.863036127497,25.946179379196,0.552670504614,0.000000000000,0
319.033261256524,26.051171785816,0.552670504614,0.000000000000,0
319.203486385550,26.156164192435,0.552670504614,0.000000000000,0
319.373711514577,26.261156599055,0.552670504614,0.000000000000,0
319.543936643604,26.366149005675,0.552670504614,0.000000000000,0
319.714161772631,26.471141412295,0.552670504614,0.000000000000,0
319.884386901658,26.576133818915,0.552670504614,0.000000000000,0
320.054612030684,26.681126225534,0.552670504614,0.000000000000,0
320.224837159711,26.786118632154,0.552670504614,0.000000000000,0
320.395062288738,26.891111038774,0.552670504614,0.000000000000,0
320.565287417765,26.996103445394,0.552670504614,0.000000000000,0
320.735512546791,27.101095852014,0.552670504614,0.000000000000,0
320.905737675818,27.206088258633,0.552670504614,0.000000000000,0
321.075962804845,27.311080665253,0.552670504614,0.000000000000,0
321.246187933872,27.416073071873,0.552670504614,0.000000000000,0
321.416413062899,27.521065478493,0.552670504614,0.000000000000,0
321.586638191925,27.626057885113,0.552670504614,0.000000000000,0
321.756863320952,27.731050291732,0.552670504614,0.000000000000,0
321.927088449979,27.836042698352,0.552670504614,0.000000000000,0
322.097313579006,27.941035104972,0.552670504614,0.000000000000,0
322.267538708032,28.046027511592,0.552670504614,0.000000000000,0
